Split_Type,Item_Name,Item_Structure,Slither,Mythril,Oyente,Final_Label
Safe_Single,verified_rust_file_0.rs,Single File,Safe,Safe,Safe,Safe
Safe_Single,verified_rust_file_1.rs,Single File,Safe,Safe,Safe,Safe
Vuln_Single,verified_rust_file_2.rs,Single File,Safe,Vulnerable,Safe,Vulnerable
Safe_Single,verified_rust_file_3.rs,Single File,Safe,Safe,Safe,Safe
Safe_Single,verified_rust_file_4.rs,Single File,Safe,Safe,Safe,Safe
Safe_Single,verified_rust_file_5.rs,Single File,Safe,Safe,Safe,Safe
Safe_Single,verified_rust_file_6.rs,Single File,Safe,Safe,Safe,Safe
Safe_Single,verified_rust_file_7.rs,Single File,Safe,Safe,Safe,Safe
Safe_Single,verified_rust_file_8.rs,Single File,Safe,Safe,Safe,Safe
Safe_Single,verified_rust_file_9.rs,Single File,Safe,Safe,Safe,Safe
Safe_Single,verified_rust_file_10.rs,Single File,Safe,Safe,Safe,Safe
Safe_Single,verified_rust_file_11.rs,Single File,Safe,Safe,Safe,Safe
Safe_Single,verified_rust_file_12.rs,Single File,Safe,Safe,Safe,Safe
Safe_Single,verified_rust_file_13.rs,Single File,Safe,Safe,Safe,Safe
Safe_Single,verified_rust_file_14.rs,Single File,Safe,Safe,Safe,Safe
Safe_Single,verified_rust_file_15.rs,Single File,Safe,Safe,Safe,Safe
Safe_Single,verified_rust_file_16.rs,Single File,Safe,Safe,Safe,Safe
Safe_Single,verified_rust_file_17.rs,Single File,Safe,Safe,Safe,Safe
Safe_Single,verified_rust_file_18.rs,Single File,Safe,Safe,Safe,Safe
Vuln_Single,verified_rust_file_19.rs,Single File,Safe,Vulnerable,Safe,Vulnerable
Safe_Single,verified_rust_file_20.rs,Single File,Safe,Safe,Safe,Safe
Safe_Single,verified_rust_file_21.rs,Single File,Safe,Safe,Safe,Safe
Safe_Single,verified_rust_file_22.rs,Single File,Safe,Safe,Safe,Safe
Safe_Single,verified_rust_file_23.rs,Single File,Safe,Safe,Safe,Safe
Safe_Single,verified_rust_file_24.rs,Single File,Safe,Safe,Safe,Safe
Safe_Single,verified_rust_file_25.rs,Single File,Safe,Safe,Safe,Safe
Safe_Single,verified_rust_file_26.rs,Single File,Safe,Safe,Safe,Safe
Safe_Single,verified_rust_file_27.rs,Single File,Safe,Safe,Safe,Safe
Safe_Single,verified_rust_file_28.rs,Single File,Safe,Safe,Safe,Safe
Safe_Single,verified_rust_file_29.rs,Single File,Safe,Safe,Safe,Safe
Safe_Single,verified_rust_file_30.rs,Single File,Safe,Safe,Safe,Safe
Safe_Single,verified_rust_file_31.rs,Single File,Safe,Safe,Safe,Safe
Safe_Single,verified_rust_file_32.rs,Single File,Safe,Safe,Safe,Safe
Safe_Single,verified_rust_file_33.rs,Single File,Safe,Safe,Safe,Safe
Safe_Single,verified_rust_file_34.rs,Single File,Safe,Safe,Safe,Safe
Safe_Single,verified_rust_file_35.rs,Single File,Safe,Safe,Safe,Safe
Safe_Single,verified_rust_file_36.rs,Single File,Safe,Safe,Safe,Safe
Safe_Single,verified_rust_file_37.rs,Single File,Safe,Safe,Safe,Safe
Safe_Single,verified_rust_file_38.rs,Single File,Safe,Safe,Safe,Safe
Safe_Single,verified_rust_file_39.rs,Single File,Safe,Safe,Safe,Safe
Safe_Single,verified_rust_file_40.rs,Single File,Safe,Safe,Safe,Safe
Safe_Single,verified_rust_file_41.rs,Single File,Safe,Safe,Safe,Safe
Safe_Single,verified_rust_file_42.rs,Single File,Safe,Safe,Safe,Safe
Safe_Single,verified_rust_file_43.rs,Single File,Safe,Safe,Safe,Safe
Safe_Single,verified_rust_file_44.rs,Single File,Safe,Safe,Safe,Safe
Safe_Single,verified_rust_file_45.rs,Single File,Safe,Safe,Safe,Safe
Safe_Single,verified_rust_file_46.rs,Single File,Safe,Safe,Safe,Safe
Safe_Single,verified_rust_file_47.rs,Single File,Safe,Safe,Safe,Safe
Safe_Single,verified_rust_file_48.rs,Single File,Safe,Safe,Safe,Safe
Safe_Single,verified_rust_file_49.rs,Single File,Safe,Safe,Safe,Safe
Safe_Single,verified_rust_file_50.rs,Single File,Safe,Safe,Safe,Safe
Safe_Single,verified_rust_file_51.rs,Single File,Safe,Safe,Safe,Safe
Safe_Single,verified_rust_file_52.rs,Single File,Safe,Safe,Safe,Safe
Safe_Single,verified_rust_file_53.rs,Single File,Safe,Safe,Safe,Safe
Safe_Single,verified_rust_file_54.rs,Single File,Safe,Safe,Safe,Safe
Safe_Single,verified_rust_file_55.rs,Single File,Safe,Safe,Safe,Safe
Safe_Single,verified_rust_file_56.rs,Single File,Safe,Safe,Safe,Safe
Vuln_Single,verified_rust_file_57.rs,Single File,Safe,Vulnerable,Safe,Vulnerable
Safe_Single,verified_rust_file_58.rs,Single File,Safe,Safe,Safe,Safe
Safe_Single,verified_rust_file_59.rs,Single File,Safe,Safe,Safe,Safe
Safe_Single,verified_rust_file_60.rs,Single File,Safe,Safe,Safe,Safe
Safe_Single,verified_rust_file_61.rs,Single File,Safe,Safe,Safe,Safe
Safe_Single,verified_rust_file_62.rs,Single File,Safe,Safe,Safe,Safe
Safe_Single,verified_rust_file_63.rs,Single File,Safe,Safe,Safe,Safe
Safe_Single,verified_rust_file_64.rs,Single File,Safe,Safe,Safe,Safe
Safe_Single,verified_rust_file_65.rs,Single File,Safe,Safe,Safe,Safe
Safe_Single,verified_rust_file_66.rs,Single File,Safe,Safe,Safe,Safe
Safe_Single,verified_rust_file_67.rs,Single File,Safe,Safe,Safe,Safe
Safe_Single,verified_rust_file_68.rs,Single File,Safe,Safe,Safe,Safe
Safe_Single,verified_rust_file_69.rs,Single File,Safe,Safe,Safe,Safe
Safe_Single,verified_rust_file_70.rs,Single File,Safe,Safe,Safe,Safe
Safe_Single,verified_rust_file_71.rs,Single File,Safe,Safe,Safe,Safe
Safe_Single,verified_rust_file_72.rs,Single File,Safe,Safe,Safe,Safe
Safe_Single,verified_rust_file_73.rs,Single File,Safe,Safe,Safe,Safe
Safe_Single,verified_rust_file_74.rs,Single File,Safe,Safe,Safe,Safe
Safe_Single,verified_rust_file_75.rs,Single File,Safe,Safe,Safe,Safe
Vuln_Single,verified_rust_file_76.rs,Single File,Safe,Vulnerable,Safe,Vulnerable
Safe_Single,verified_rust_file_77.rs,Single File,Safe,Safe,Safe,Safe
Safe_Single,verified_rust_file_78.rs,Single File,Safe,Safe,Safe,Safe
Safe_Single,verified_rust_file_79.rs,Single File,Safe,Safe,Safe,Safe
Vuln_Single,verified_rust_file_80.rs,Single File,Safe,Vulnerable,Safe,Vulnerable
Safe_Single,verified_rust_file_81.rs,Single File,Safe,Safe,Safe,Safe
Vuln_Single,verified_rust_file_82.rs,Single File,Safe,Vulnerable,Safe,Vulnerable
Safe_Single,verified_rust_file_83.rs,Single File,Safe,Safe,Safe,Safe
Safe_Single,verified_rust_file_84.rs,Single File,Safe,Safe,Safe,Safe
Safe_Single,verified_rust_file_85.rs,Single File,Safe,Safe,Safe,Safe
Vuln_Single,verified_rust_file_86.rs,Single File,Safe,Vulnerable,Safe,Vulnerable
Safe_Single,verified_rust_file_87.rs,Single File,Safe,Safe,Safe,Safe
Safe_Single,verified_rust_file_88.rs,Single File,Safe,Safe,Safe,Safe
Safe_Single,verified_rust_file_89.rs,Single File,Safe,Safe,Safe,Safe
Safe_Single,verified_rust_file_90.rs,Single File,Safe,Safe,Safe,Safe
Safe_Single,verified_rust_file_91.rs,Single File,Safe,Safe,Safe,Safe
Safe_Single,verified_rust_file_92.rs,Single File,Safe,Safe,Safe,Safe
Safe_Single,verified_rust_file_93.rs,Single File,Safe,Safe,Safe,Safe
Safe_Single,verified_rust_file_94.rs,Single File,Safe,Safe,Safe,Safe
Safe_Single,verified_rust_file_95.rs,Single File,Safe,Safe,Safe,Safe
Safe_Single,verified_rust_file_96.rs,Single File,Safe,Safe,Safe,Safe
Safe_Single,verified_rust_file_97.rs,Single File,Safe,Safe,Safe,Safe
Safe_Single,verified_rust_file_98.rs,Single File,Safe,Safe,Safe,Safe
Safe_Single,verified_rust_file_99.rs,Single File,Safe,Safe,Safe,Safe
Safe_Single,verified_rust_file_100.rs,Single File,Safe,Safe,Safe,Safe
Safe_Single,verified_rust_file_101.rs,Single File,Safe,Safe,Safe,Safe
Safe_Single,verified_rust_file_102.rs,Single File,Safe,Safe,Safe,Safe
Safe_Single,verified_rust_file_103.rs,Single File,Safe,Safe,Safe,Safe
Vuln_Single,verified_rust_file_104.rs,Single File,Safe,Vulnerable,Safe,Vulnerable
Safe_Single,verified_rust_file_105.rs,Single File,Safe,Safe,Safe,Safe
Safe_Single,verified_rust_file_106.rs,Single File,Safe,Safe,Safe,Safe
Safe_Single,verified_rust_file_107.rs,Single File,Safe,Safe,Safe,Safe
Safe_Single,verified_rust_file_108.rs,Single File,Safe,Safe,Safe,Safe
Safe_Single,verified_rust_file_109.rs,Single File,Safe,Safe,Safe,Safe
Safe_Single,verified_rust_file_110.rs,Single File,Safe,Safe,Safe,Safe
Safe_Single,verified_rust_file_111.rs,Single File,Safe,Safe,Safe,Safe
Safe_Single,verified_rust_file_112.rs,Single File,Safe,Safe,Safe,Safe
Safe_Single,verified_rust_file_113.rs,Single File,Safe,Safe,Safe,Safe
Safe_Single,verified_rust_file_114.rs,Single File,Safe,Safe,Safe,Safe
Safe_Single,verified_rust_file_115.rs,Single File,Safe,Safe,Safe,Safe
Safe_Single,verified_rust_file_116.rs,Single File,Safe,Safe,Safe,Safe
Safe_Single,verified_rust_file_117.rs,Single File,Safe,Safe,Safe,Safe
Safe_Single,verified_rust_file_118.rs,Single File,Safe,Safe,Safe,Safe
Safe_Single,verified_rust_file_119.rs,Single File,Safe,Safe,Safe,Safe
Safe_Single,verified_rust_file_120.rs,Single File,Safe,Safe,Safe,Safe
Safe_Single,verified_rust_file_121.rs,Single File,Safe,Safe,Safe,Safe
Safe_Single,verified_rust_file_122.rs,Single File,Safe,Safe,Safe,Safe
Vuln_Single,verified_rust_file_123.rs,Single File,Safe,Vulnerable,Safe,Vulnerable
Safe_Single,verified_rust_file_124.rs,Single File,Safe,Safe,Safe,Safe
Safe_Single,verified_rust_file_125.rs,Single File,Safe,Safe,Safe,Safe
Safe_Single,verified_rust_file_126.rs,Single File,Safe,Safe,Safe,Safe
Safe_Single,verified_rust_file_127.rs,Single File,Safe,Safe,Safe,Safe
Safe_Single,verified_rust_file_128.rs,Single File,Safe,Safe,Safe,Safe
Vuln_Single,verified_rust_file_129.rs,Single File,Safe,Vulnerable,Safe,Vulnerable
Vuln_Single,verified_rust_file_130.rs,Single File,Safe,Vulnerable,Safe,Vulnerable
Safe_Single,verified_rust_file_131.rs,Single File,Safe,Safe,Safe,Safe
Vuln_Single,verified_rust_file_132.rs,Single File,Safe,Vulnerable,Safe,Vulnerable
Safe_Single,verified_rust_file_133.rs,Single File,Safe,Safe,Safe,Safe
Safe_Single,verified_rust_file_134.rs,Single File,Safe,Safe,Safe,Safe
Safe_Single,verified_rust_file_135.rs,Single File,Safe,Safe,Safe,Safe
Safe_Single,verified_rust_file_136.rs,Single File,Safe,Safe,Safe,Safe
Safe_Single,verified_rust_file_137.rs,Single File,Safe,Safe,Safe,Safe
Safe_Single,verified_rust_file_138.rs,Single File,Safe,Safe,Safe,Safe
Safe_Single,verified_rust_file_139.rs,Single File,Safe,Safe,Safe,Safe
Safe_Single,verified_rust_file_140.rs,Single File,Safe,Safe,Safe,Safe
Safe_Single,verified_rust_file_141.rs,Single File,Safe,Safe,Safe,Safe
Safe_Single,verified_rust_file_142.rs,Single File,Safe,Safe,Safe,Safe
Safe_Single,verified_rust_file_143.rs,Single File,Safe,Safe,Safe,Safe
Vuln_Single,verified_rust_file_144.rs,Single File,Safe,Vulnerable,Safe,Vulnerable
Safe_Single,verified_rust_file_145.rs,Single File,Safe,Safe,Safe,Safe
Vuln_Single,verified_rust_file_146.rs,Single File,Safe,Vulnerable,Safe,Vulnerable
Vuln_Single,verified_rust_file_147.rs,Single File,Safe,Vulnerable,Safe,Vulnerable
Safe_Single,verified_rust_file_148.rs,Single File,Safe,Safe,Safe,Safe
Safe_Single,verified_rust_file_149.rs,Single File,Safe,Safe,Safe,Safe
Safe_Single,verified_rust_file_150.rs,Single File,Safe,Safe,Safe,Safe
Safe_Single,verified_rust_file_151.rs,Single File,Safe,Safe,Safe,Safe
Safe_Single,verified_rust_file_152.rs,Single File,Safe,Safe,Safe,Safe
Safe_Single,verified_rust_file_153.rs,Single File,Safe,Safe,Safe,Safe
Safe_Single,verified_rust_file_154.rs,Single File,Safe,Safe,Safe,Safe
Safe_Single,verified_rust_file_155.rs,Single File,Safe,Safe,Safe,Safe
Safe_Single,verified_rust_file_156.rs,Single File,Safe,Safe,Safe,Safe
Safe_Single,verified_rust_file_157.rs,Single File,Safe,Safe,Safe,Safe
Safe_Single,verified_rust_file_158.rs,Single File,Safe,Safe,Safe,Safe
Safe_Single,verified_rust_file_159.rs,Single File,Safe,Safe,Safe,Safe
Safe_Single,verified_rust_file_160.rs,Single File,Safe,Safe,Safe,Safe
Safe_Single,verified_rust_file_161.rs,Single File,Safe,Safe,Safe,Safe
Safe_Single,verified_rust_file_162.rs,Single File,Safe,Safe,Safe,Safe
Safe_Single,verified_rust_file_163.rs,Single File,Safe,Safe,Safe,Safe
Safe_Single,verified_rust_file_164.rs,Single File,Safe,Safe,Safe,Safe
Safe_Single,verified_rust_file_165.rs,Single File,Safe,Safe,Safe,Safe
Safe_Single,verified_rust_file_166.rs,Single File,Safe,Safe,Safe,Safe
Safe_Single,verified_rust_file_167.rs,Single File,Safe,Safe,Safe,Safe
Safe_Single,verified_rust_file_168.rs,Single File,Safe,Safe,Safe,Safe
Safe_Single,verified_rust_file_169.rs,Single File,Safe,Safe,Safe,Safe
Safe_Single,verified_rust_file_170.rs,Single File,Safe,Safe,Safe,Safe
Safe_Single,verified_rust_file_171.rs,Single File,Safe,Safe,Safe,Safe
Safe_Single,verified_rust_file_172.rs,Single File,Safe,Safe,Safe,Safe
Safe_Single,verified_rust_file_173.rs,Single File,Safe,Safe,Safe,Safe
Safe_Single,verified_rust_file_174.rs,Single File,Safe,Safe,Safe,Safe
Safe_Single,verified_rust_file_175.rs,Single File,Safe,Safe,Safe,Safe
Safe_Single,verified_rust_file_176.rs,Single File,Safe,Safe,Safe,Safe
Safe_Single,verified_rust_file_177.rs,Single File,Safe,Safe,Safe,Safe
Safe_Single,verified_rust_file_178.rs,Single File,Safe,Safe,Safe,Safe
Safe_Single,verified_rust_file_179.rs,Single File,Safe,Safe,Safe,Safe
Safe_Single,verified_rust_file_180.rs,Single File,Safe,Safe,Safe,Safe
Safe_Single,verified_rust_file_181.rs,Single File,Safe,Safe,Safe,Safe
Safe_Single,verified_rust_file_182.rs,Single File,Safe,Safe,Safe,Safe
Safe_Single,verified_rust_file_183.rs,Single File,Safe,Safe,Safe,Safe
Safe_Single,verified_rust_file_184.rs,Single File,Safe,Safe,Safe,Safe
Safe_Single,verified_rust_file_185.rs,Single File,Safe,Safe,Safe,Safe
Safe_Single,verified_rust_file_186.rs,Single File,Safe,Safe,Safe,Safe
Vuln_Single,verified_rust_file_187.rs,Single File,Safe,Vulnerable,Safe,Vulnerable
Safe_Single,verified_rust_file_188.rs,Single File,Safe,Safe,Safe,Safe
Safe_Single,verified_rust_file_189.rs,Single File,Safe,Safe,Safe,Safe
Vuln_Single,verified_rust_file_190.rs,Single File,Safe,Vulnerable,Safe,Vulnerable
Vuln_Single,verified_rust_file_191.rs,Single File,Safe,Vulnerable,Safe,Vulnerable
Safe_Single,verified_rust_file_192.rs,Single File,Safe,Safe,Safe,Safe
Safe_Single,verified_rust_file_193.rs,Single File,Safe,Safe,Safe,Safe
Safe_Single,verified_rust_file_194.rs,Single File,Safe,Safe,Safe,Safe
Safe_Single,verified_rust_file_195.rs,Single File,Safe,Safe,Safe,Safe
Safe_Single,verified_rust_file_196.rs,Single File,Safe,Safe,Safe,Safe
Safe_Single,verified_rust_file_197.rs,Single File,Safe,Safe,Safe,Safe
Safe_Single,verified_rust_file_198.rs,Single File,Safe,Safe,Safe,Safe
Vuln_Single,verified_rust_file_199.rs,Single File,Safe,Vulnerable,Safe,Vulnerable
Safe_Single,verified_rust_file_200.rs,Single File,Safe,Safe,Safe,Safe
Safe_Single,verified_rust_file_201.rs,Single File,Safe,Safe,Safe,Safe
Safe_Single,verified_rust_file_202.rs,Single File,Safe,Safe,Safe,Safe
Safe_Single,verified_rust_file_203.rs,Single File,Safe,Safe,Safe,Safe
Vuln_Single,verified_rust_file_204.rs,Single File,Safe,Vulnerable,Safe,Vulnerable
Safe_Single,verified_rust_file_205.rs,Single File,Safe,Safe,Safe,Safe
Safe_Single,verified_rust_file_206.rs,Single File,Safe,Safe,Safe,Safe
Safe_Single,verified_rust_file_207.rs,Single File,Safe,Safe,Safe,Safe
Safe_Single,verified_rust_file_208.rs,Single File,Safe,Safe,Safe,Safe
Vuln_Single,verified_rust_file_209.rs,Single File,Safe,Vulnerable,Safe,Vulnerable
Safe_Single,verified_rust_file_210.rs,Single File,Safe,Safe,Safe,Safe
Safe_Single,verified_rust_file_211.rs,Single File,Safe,Safe,Safe,Safe
Safe_Single,verified_rust_file_212.rs,Single File,Safe,Safe,Safe,Safe
Safe_Single,verified_rust_file_213.rs,Single File,Safe,Safe,Safe,Safe
Safe_Single,verified_rust_file_214.rs,Single File,Safe,Safe,Safe,Safe
Safe_Single,verified_rust_file_215.rs,Single File,Safe,Safe,Safe,Safe
Safe_Single,verified_rust_file_216.rs,Single File,Safe,Safe,Safe,Safe
Safe_Single,verified_rust_file_217.rs,Single File,Safe,Safe,Safe,Safe
Vuln_Single,verified_rust_file_218.rs,Single File,Safe,Vulnerable,Safe,Vulnerable
Safe_Single,verified_rust_file_219.rs,Single File,Safe,Safe,Safe,Safe
Safe_Single,verified_rust_file_220.rs,Single File,Safe,Safe,Safe,Safe
Vuln_Single,verified_rust_file_221.rs,Single File,Safe,Vulnerable,Safe,Vulnerable
Safe_Single,verified_rust_file_222.rs,Single File,Safe,Safe,Safe,Safe
Safe_Single,verified_rust_file_223.rs,Single File,Safe,Safe,Safe,Safe
Safe_Single,verified_rust_file_224.rs,Single File,Safe,Safe,Safe,Safe
Safe_Single,verified_rust_file_225.rs,Single File,Safe,Safe,Safe,Safe
Vuln_Single,verified_rust_file_226.rs,Single File,Safe,Vulnerable,Safe,Vulnerable
Vuln_Single,verified_rust_file_227.rs,Single File,Safe,Vulnerable,Safe,Vulnerable
Safe_Single,verified_rust_file_228.rs,Single File,Safe,Safe,Safe,Safe
Safe_Single,verified_rust_file_229.rs,Single File,Safe,Safe,Safe,Safe
Safe_Single,verified_rust_file_230.rs,Single File,Safe,Safe,Safe,Safe
Vuln_Single,verified_rust_file_231.rs,Single File,Safe,Vulnerable,Safe,Vulnerable
Safe_Single,verified_rust_file_232.rs,Single File,Safe,Safe,Safe,Safe
Safe_Single,verified_rust_file_233.rs,Single File,Safe,Safe,Safe,Safe
Safe_Single,verified_rust_file_234.rs,Single File,Safe,Safe,Safe,Safe
Vuln_Single,verified_rust_file_235.rs,Single File,Safe,Vulnerable,Safe,Vulnerable
Safe_Single,verified_rust_file_236.rs,Single File,Safe,Safe,Safe,Safe
Safe_Single,verified_rust_file_237.rs,Single File,Safe,Safe,Safe,Safe
Safe_Single,verified_rust_file_238.rs,Single File,Safe,Safe,Safe,Safe
Safe_Single,verified_rust_file_239.rs,Single File,Safe,Safe,Safe,Safe
Vuln_Single,verified_rust_file_240.rs,Single File,Safe,Vulnerable,Safe,Vulnerable
Safe_Single,verified_rust_file_241.rs,Single File,Safe,Safe,Safe,Safe
Safe_Single,verified_rust_file_242.rs,Single File,Safe,Safe,Safe,Safe
Safe_Single,verified_rust_file_243.rs,Single File,Safe,Safe,Safe,Safe
Safe_Single,verified_rust_file_244.rs,Single File,Safe,Safe,Safe,Safe
Safe_Single,verified_rust_file_245.rs,Single File,Safe,Safe,Safe,Safe
Safe_Single,verified_rust_file_246.rs,Single File,Safe,Safe,Safe,Safe
Safe_Single,verified_rust_file_247.rs,Single File,Safe,Safe,Safe,Safe
Safe_Single,verified_rust_file_248.rs,Single File,Safe,Safe,Safe,Safe
Safe_Single,verified_rust_file_249.rs,Single File,Safe,Safe,Safe,Safe
Safe_Single,verified_rust_file_250.rs,Single File,Safe,Safe,Safe,Safe
Safe_Single,verified_rust_file_251.rs,Single File,Safe,Safe,Safe,Safe
Safe_Single,verified_rust_file_252.rs,Single File,Safe,Safe,Safe,Safe
Safe_Single,verified_rust_file_253.rs,Single File,Safe,Safe,Safe,Safe
Safe_Single,verified_rust_file_254.rs,Single File,Safe,Safe,Safe,Safe
Safe_Single,verified_rust_file_255.rs,Single File,Safe,Safe,Safe,Safe
Safe_Single,verified_rust_file_256.rs,Single File,Safe,Safe,Safe,Safe
Safe_Single,verified_rust_file_257.rs,Single File,Safe,Safe,Safe,Safe
Safe_Single,verified_rust_file_258.rs,Single File,Safe,Safe,Safe,Safe
Safe_Single,verified_rust_file_259.rs,Single File,Safe,Safe,Safe,Safe
Safe_Single,verified_rust_file_260.rs,Single File,Safe,Safe,Safe,Safe
Safe_Single,verified_rust_file_261.rs,Single File,Safe,Safe,Safe,Safe
Safe_Single,verified_rust_file_262.rs,Single File,Safe,Safe,Safe,Safe
Safe_Single,verified_rust_file_263.rs,Single File,Safe,Safe,Safe,Safe
Vuln_Single,verified_rust_file_264.rs,Single File,Safe,Vulnerable,Safe,Vulnerable
Safe_Single,verified_rust_file_265.rs,Single File,Safe,Safe,Safe,Safe
Safe_Single,verified_rust_file_266.rs,Single File,Safe,Safe,Safe,Safe
Safe_Single,verified_rust_file_267.rs,Single File,Safe,Safe,Safe,Safe
Safe_Single,verified_rust_file_268.rs,Single File,Safe,Safe,Safe,Safe
Vuln_Single,verified_rust_file_269.rs,Single File,Safe,Vulnerable,Safe,Vulnerable
Safe_Single,verified_rust_file_270.rs,Single File,Safe,Safe,Safe,Safe
Safe_Single,verified_rust_file_271.rs,Single File,Safe,Safe,Safe,Safe
Safe_Single,verified_rust_file_272.rs,Single File,Safe,Safe,Safe,Safe
Safe_Single,verified_rust_file_273.rs,Single File,Safe,Safe,Safe,Safe
Safe_Single,verified_rust_file_274.rs,Single File,Safe,Safe,Safe,Safe
Safe_Single,verified_rust_file_275.rs,Single File,Safe,Safe,Safe,Safe
Safe_Single,verified_rust_file_276.rs,Single File,Safe,Safe,Safe,Safe
Safe_Single,verified_rust_file_277.rs,Single File,Safe,Safe,Safe,Safe
Safe_Single,verified_rust_file_278.rs,Single File,Safe,Safe,Safe,Safe
Safe_Single,verified_rust_file_279.rs,Single File,Safe,Safe,Safe,Safe
Safe_Single,verified_rust_file_280.rs,Single File,Safe,Safe,Safe,Safe
Safe_Single,verified_rust_file_281.rs,Single File,Safe,Safe,Safe,Safe
Safe_Single,verified_rust_file_282.rs,Single File,Safe,Safe,Safe,Safe
Safe_Single,verified_rust_file_283.rs,Single File,Safe,Safe,Safe,Safe
Safe_Single,verified_rust_file_284.rs,Single File,Safe,Safe,Safe,Safe
Safe_Single,verified_rust_file_285.rs,Single File,Safe,Safe,Safe,Safe
Safe_Single,verified_rust_file_286.rs,Single File,Safe,Safe,Safe,Safe
Safe_Single,verified_rust_file_287.rs,Single File,Safe,Safe,Safe,Safe
Safe_Single,verified_rust_file_288.rs,Single File,Safe,Safe,Safe,Safe
Safe_Single,verified_rust_file_289.rs,Single File,Safe,Safe,Safe,Safe
Safe_Single,verified_rust_file_290.rs,Single File,Safe,Safe,Safe,Safe
Safe_Single,verified_rust_file_291.rs,Single File,Safe,Safe,Safe,Safe
Safe_Single,verified_rust_file_292.rs,Single File,Safe,Safe,Safe,Safe
Safe_Single,verified_rust_file_293.rs,Single File,Safe,Safe,Safe,Safe
Safe_Single,verified_rust_file_294.rs,Single File,Safe,Safe,Safe,Safe
Safe_Single,verified_rust_file_295.rs,Single File,Safe,Safe,Safe,Safe
Safe_Single,verified_rust_file_296.rs,Single File,Safe,Safe,Safe,Safe
Vuln_Single,verified_rust_file_297.rs,Single File,Safe,Vulnerable,Safe,Vulnerable
Safe_Single,verified_rust_file_298.rs,Single File,Safe,Safe,Safe,Safe
Safe_Single,verified_rust_file_299.rs,Single File,Safe,Safe,Safe,Safe
Safe_Single,verified_rust_file_300.rs,Single File,Safe,Safe,Safe,Safe
Safe_Single,verified_rust_file_301.rs,Single File,Safe,Safe,Safe,Safe
Safe_Single,verified_rust_file_302.rs,Single File,Safe,Safe,Safe,Safe
Safe_Single,verified_rust_file_303.rs,Single File,Safe,Safe,Safe,Safe
Safe_Single,verified_rust_file_304.rs,Single File,Safe,Safe,Safe,Safe
Safe_Single,verified_rust_file_305.rs,Single File,Safe,Safe,Safe,Safe
Safe_Single,verified_rust_file_306.rs,Single File,Safe,Safe,Safe,Safe
Safe_Single,verified_rust_file_307.rs,Single File,Safe,Safe,Safe,Safe
Safe_Single,verified_rust_file_308.rs,Single File,Safe,Safe,Safe,Safe
Safe_Single,verified_rust_file_309.rs,Single File,Safe,Safe,Safe,Safe
Safe_Single,verified_rust_file_310.rs,Single File,Safe,Safe,Safe,Safe
Safe_Single,verified_rust_file_311.rs,Single File,Safe,Safe,Safe,Safe
Safe_Single,verified_rust_file_312.rs,Single File,Safe,Safe,Safe,Safe
Safe_Single,verified_rust_file_313.rs,Single File,Safe,Safe,Safe,Safe
Safe_Single,verified_rust_file_314.rs,Single File,Safe,Safe,Safe,Safe
Safe_Single,verified_rust_file_315.rs,Single File,Safe,Safe,Safe,Safe
Safe_Single,verified_rust_file_316.rs,Single File,Safe,Safe,Safe,Safe
Safe_Single,verified_rust_file_317.rs,Single File,Safe,Safe,Safe,Safe
Safe_Single,verified_rust_file_318.rs,Single File,Safe,Safe,Safe,Safe
Safe_Single,verified_rust_file_319.rs,Single File,Safe,Safe,Safe,Safe
Safe_Single,verified_rust_file_320.rs,Single File,Safe,Safe,Safe,Safe
Safe_Single,verified_rust_file_321.rs,Single File,Safe,Safe,Safe,Safe
Safe_Single,verified_rust_file_322.rs,Single File,Safe,Safe,Safe,Safe
Safe_Single,verified_rust_file_323.rs,Single File,Safe,Safe,Safe,Safe
Safe_Single,verified_rust_file_324.rs,Single File,Safe,Safe,Safe,Safe
Safe_Single,verified_rust_file_325.rs,Single File,Safe,Safe,Safe,Safe
Safe_Single,verified_rust_file_326.rs,Single File,Safe,Safe,Safe,Safe
Safe_Single,verified_rust_file_327.rs,Single File,Safe,Safe,Safe,Safe
Safe_Single,verified_rust_file_328.rs,Single File,Safe,Safe,Safe,Safe
Safe_Single,verified_rust_file_329.rs,Single File,Safe,Safe,Safe,Safe
Safe_Single,verified_rust_file_330.rs,Single File,Safe,Safe,Safe,Safe
Safe_Single,verified_rust_file_331.rs,Single File,Safe,Safe,Safe,Safe
Safe_Single,verified_rust_file_332.rs,Single File,Safe,Safe,Safe,Safe
Safe_Single,verified_rust_file_333.rs,Single File,Safe,Safe,Safe,Safe
Safe_Single,verified_rust_file_334.rs,Single File,Safe,Safe,Safe,Safe
Safe_Single,verified_rust_file_335.rs,Single File,Safe,Safe,Safe,Safe
Safe_Single,verified_rust_file_336.rs,Single File,Safe,Safe,Safe,Safe
Safe_Single,verified_rust_file_337.rs,Single File,Safe,Safe,Safe,Safe
Safe_Single,verified_rust_file_338.rs,Single File,Safe,Safe,Safe,Safe
Safe_Single,verified_rust_file_339.rs,Single File,Safe,Safe,Safe,Safe
Safe_Single,verified_rust_file_340.rs,Single File,Safe,Safe,Safe,Safe
Safe_Single,verified_rust_file_341.rs,Single File,Safe,Safe,Safe,Safe
Safe_Single,verified_rust_file_342.rs,Single File,Safe,Safe,Safe,Safe
Safe_Single,verified_rust_file_343.rs,Single File,Safe,Safe,Safe,Safe
Safe_Single,verified_rust_file_344.rs,Single File,Safe,Safe,Safe,Safe
Safe_Single,verified_rust_file_345.rs,Single File,Safe,Safe,Safe,Safe
Safe_Single,verified_rust_file_346.rs,Single File,Safe,Safe,Safe,Safe
Safe_Single,verified_rust_file_347.rs,Single File,Safe,Safe,Safe,Safe
Safe_Single,verified_rust_file_348.rs,Single File,Safe,Safe,Safe,Safe
Safe_Single,verified_rust_file_349.rs,Single File,Safe,Safe,Safe,Safe
Safe_Single,verified_rust_file_350.rs,Single File,Safe,Safe,Safe,Safe
Safe_Single,verified_rust_file_351.rs,Single File,Safe,Safe,Safe,Safe
Vuln_Single,verified_rust_file_352.rs,Single File,Safe,Vulnerable,Safe,Vulnerable
Safe_Single,verified_rust_file_353.rs,Single File,Safe,Safe,Safe,Safe
Safe_Single,verified_rust_file_354.rs,Single File,Safe,Safe,Safe,Safe
Safe_Single,verified_rust_file_355.rs,Single File,Safe,Safe,Safe,Safe
Safe_Single,verified_rust_file_356.rs,Single File,Safe,Safe,Safe,Safe
Vuln_Single,verified_rust_file_357.rs,Single File,Safe,Vulnerable,Safe,Vulnerable
Vuln_Single,verified_rust_file_358.rs,Single File,Safe,Vulnerable,Safe,Vulnerable
Safe_Single,verified_rust_file_359.rs,Single File,Safe,Safe,Safe,Safe
Safe_Single,verified_rust_file_360.rs,Single File,Safe,Safe,Safe,Safe
Safe_Single,verified_rust_file_361.rs,Single File,Safe,Safe,Safe,Safe
Safe_Single,verified_rust_file_362.rs,Single File,Safe,Safe,Safe,Safe
Safe_Single,verified_rust_file_363.rs,Single File,Safe,Safe,Safe,Safe
Safe_Single,verified_rust_file_364.rs,Single File,Safe,Safe,Safe,Safe
Safe_Single,verified_rust_file_365.rs,Single File,Safe,Safe,Safe,Safe
Safe_Single,verified_rust_file_366.rs,Single File,Safe,Safe,Safe,Safe
Safe_Single,verified_rust_file_367.rs,Single File,Safe,Safe,Safe,Safe
Safe_Single,verified_rust_file_368.rs,Single File,Safe,Safe,Safe,Safe
Safe_Single,verified_rust_file_369.rs,Single File,Safe,Safe,Safe,Safe
Safe_Single,verified_rust_file_370.rs,Single File,Safe,Safe,Safe,Safe
Safe_Single,verified_rust_file_371.rs,Single File,Safe,Safe,Safe,Safe
Safe_Single,verified_rust_file_372.rs,Single File,Safe,Safe,Safe,Safe
Safe_Single,verified_rust_file_373.rs,Single File,Safe,Safe,Safe,Safe
Safe_Single,verified_rust_file_374.rs,Single File,Safe,Safe,Safe,Safe
Safe_Single,verified_rust_file_375.rs,Single File,Safe,Safe,Safe,Safe
Safe_Single,verified_rust_file_376.rs,Single File,Safe,Safe,Safe,Safe
Vuln_Single,verified_rust_file_377.rs,Single File,Safe,Vulnerable,Safe,Vulnerable
Safe_Single,verified_rust_file_378.rs,Single File,Safe,Safe,Safe,Safe
Safe_Single,verified_rust_file_379.rs,Single File,Safe,Safe,Safe,Safe
Safe_Single,verified_rust_file_380.rs,Single File,Safe,Safe,Safe,Safe
Vuln_Single,verified_rust_file_381.rs,Single File,Safe,Vulnerable,Safe,Vulnerable
Safe_Single,verified_rust_file_382.rs,Single File,Safe,Safe,Safe,Safe
Safe_Single,verified_rust_file_383.rs,Single File,Safe,Safe,Safe,Safe
Safe_Single,verified_rust_file_384.rs,Single File,Safe,Safe,Safe,Safe
Safe_Single,verified_rust_file_385.rs,Single File,Safe,Safe,Safe,Safe
Safe_Single,verified_rust_file_386.rs,Single File,Safe,Safe,Safe,Safe
Safe_Single,verified_rust_file_387.rs,Single File,Safe,Safe,Safe,Safe
Safe_Single,verified_rust_file_388.rs,Single File,Safe,Safe,Safe,Safe
Safe_Single,verified_rust_file_389.rs,Single File,Safe,Safe,Safe,Safe
Safe_Single,verified_rust_file_390.rs,Single File,Safe,Safe,Safe,Safe
Safe_Single,verified_rust_file_391.rs,Single File,Safe,Safe,Safe,Safe
Safe_Single,verified_rust_file_392.rs,Single File,Safe,Safe,Safe,Safe
Safe_Single,verified_rust_file_393.rs,Single File,Safe,Safe,Safe,Safe
Safe_Single,verified_rust_file_394.rs,Single File,Safe,Safe,Safe,Safe
Safe_Single,verified_rust_file_395.rs,Single File,Safe,Safe,Safe,Safe
Safe_Single,verified_rust_file_396.rs,Single File,Safe,Safe,Safe,Safe
Safe_Single,verified_rust_file_397.rs,Single File,Safe,Safe,Safe,Safe
Safe_Single,verified_rust_file_398.rs,Single File,Safe,Safe,Safe,Safe
Safe_Single,verified_rust_file_399.rs,Single File,Safe,Safe,Safe,Safe
Safe_Single,verified_rust_file_400.rs,Single File,Safe,Safe,Safe,Safe
Safe_Single,verified_rust_file_401.rs,Single File,Safe,Safe,Safe,Safe
Safe_Single,verified_rust_file_402.rs,Single File,Safe,Safe,Safe,Safe
Safe_Single,verified_rust_file_403.rs,Single File,Safe,Safe,Safe,Safe
Safe_Single,verified_rust_file_404.rs,Single File,Safe,Safe,Safe,Safe
Safe_Single,verified_rust_file_405.rs,Single File,Safe,Safe,Safe,Safe
Safe_Single,verified_rust_file_406.rs,Single File,Safe,Safe,Safe,Safe
Safe_Single,verified_rust_file_407.rs,Single File,Safe,Safe,Safe,Safe
Safe_Single,verified_rust_file_408.rs,Single File,Safe,Safe,Safe,Safe
Safe_Single,verified_rust_file_409.rs,Single File,Safe,Safe,Safe,Safe
Safe_Single,verified_rust_file_410.rs,Single File,Safe,Safe,Safe,Safe
Safe_Single,verified_rust_file_411.rs,Single File,Safe,Safe,Safe,Safe
Safe_Single,verified_rust_file_412.rs,Single File,Safe,Safe,Safe,Safe
Safe_Single,verified_rust_file_413.rs,Single File,Safe,Safe,Safe,Safe
Vuln_Single,verified_rust_file_414.rs,Single File,Safe,Vulnerable,Safe,Vulnerable
Vuln_Single,verified_rust_file_415.rs,Single File,Safe,Vulnerable,Safe,Vulnerable
Safe_Single,verified_rust_file_416.rs,Single File,Safe,Safe,Safe,Safe
Safe_Single,verified_rust_file_417.rs,Single File,Safe,Safe,Safe,Safe
Safe_Single,verified_rust_file_418.rs,Single File,Safe,Safe,Safe,Safe
Safe_Single,verified_rust_file_419.rs,Single File,Safe,Safe,Safe,Safe
Safe_Single,verified_rust_file_420.rs,Single File,Safe,Safe,Safe,Safe
Safe_Single,verified_rust_file_421.rs,Single File,Safe,Safe,Safe,Safe
Safe_Single,verified_rust_file_422.rs,Single File,Safe,Safe,Safe,Safe
Safe_Single,verified_rust_file_423.rs,Single File,Safe,Safe,Safe,Safe
Safe_Single,verified_rust_file_424.rs,Single File,Safe,Safe,Safe,Safe
Vuln_Single,verified_rust_file_425.rs,Single File,Safe,Vulnerable,Safe,Vulnerable
Safe_Single,verified_rust_file_426.rs,Single File,Safe,Safe,Safe,Safe
Safe_Single,verified_rust_file_427.rs,Single File,Safe,Safe,Safe,Safe
Safe_Single,verified_rust_file_428.rs,Single File,Safe,Safe,Safe,Safe
Safe_Single,verified_rust_file_429.rs,Single File,Safe,Safe,Safe,Safe
Safe_Single,verified_rust_file_430.rs,Single File,Safe,Safe,Safe,Safe
Safe_Single,verified_rust_file_431.rs,Single File,Safe,Safe,Safe,Safe
Safe_Single,verified_rust_file_432.rs,Single File,Safe,Safe,Safe,Safe
Safe_Single,verified_rust_file_433.rs,Single File,Safe,Safe,Safe,Safe
Safe_Single,verified_rust_file_434.rs,Single File,Safe,Safe,Safe,Safe
Safe_Single,verified_rust_file_435.rs,Single File,Safe,Safe,Safe,Safe
Safe_Single,verified_rust_file_436.rs,Single File,Safe,Safe,Safe,Safe
Safe_Single,verified_rust_file_437.rs,Single File,Safe,Safe,Safe,Safe
Safe_Single,verified_rust_file_438.rs,Single File,Safe,Safe,Safe,Safe
Safe_Single,verified_rust_file_439.rs,Single File,Safe,Safe,Safe,Safe
Safe_Single,verified_rust_file_440.rs,Single File,Safe,Safe,Safe,Safe
Safe_Single,verified_rust_file_441.rs,Single File,Safe,Safe,Safe,Safe
Safe_Single,verified_rust_file_442.rs,Single File,Safe,Safe,Safe,Safe
Safe_Single,verified_rust_file_443.rs,Single File,Safe,Safe,Safe,Safe
Safe_Single,verified_rust_file_444.rs,Single File,Safe,Safe,Safe,Safe
Safe_Single,verified_rust_file_445.rs,Single File,Safe,Safe,Safe,Safe
Safe_Single,verified_rust_file_446.rs,Single File,Safe,Safe,Safe,Safe
Safe_Single,verified_rust_file_447.rs,Single File,Safe,Safe,Safe,Safe
Vuln_Single,verified_rust_file_448.rs,Single File,Safe,Vulnerable,Safe,Vulnerable
Vuln_Single,verified_rust_file_449.rs,Single File,Safe,Vulnerable,Safe,Vulnerable
Safe_Single,verified_rust_file_450.rs,Single File,Safe,Safe,Safe,Safe
Safe_Single,verified_rust_file_451.rs,Single File,Safe,Safe,Safe,Safe
Safe_Single,verified_rust_file_452.rs,Single File,Safe,Safe,Safe,Safe
Safe_Single,verified_rust_file_453.rs,Single File,Safe,Safe,Safe,Safe
Safe_Single,verified_rust_file_454.rs,Single File,Safe,Safe,Safe,Safe
Safe_Single,verified_rust_file_455.rs,Single File,Safe,Safe,Safe,Safe
Safe_Single,verified_rust_file_456.rs,Single File,Safe,Safe,Safe,Safe
Safe_Single,verified_rust_file_457.rs,Single File,Safe,Safe,Safe,Safe
Safe_Single,verified_rust_file_458.rs,Single File,Safe,Safe,Safe,Safe
Safe_Single,verified_rust_file_459.rs,Single File,Safe,Safe,Safe,Safe
Safe_Single,verified_rust_file_460.rs,Single File,Safe,Safe,Safe,Safe
Safe_Single,verified_rust_file_461.rs,Single File,Safe,Safe,Safe,Safe
Safe_Single,verified_rust_file_462.rs,Single File,Safe,Safe,Safe,Safe
Safe_Single,verified_rust_file_463.rs,Single File,Safe,Safe,Safe,Safe
Safe_Single,verified_rust_file_464.rs,Single File,Safe,Safe,Safe,Safe
Safe_Single,verified_rust_file_465.rs,Single File,Safe,Safe,Safe,Safe
Vuln_Single,verified_rust_file_466.rs,Single File,Safe,Vulnerable,Safe,Vulnerable
Safe_Single,verified_rust_file_467.rs,Single File,Safe,Safe,Safe,Safe
Safe_Single,verified_rust_file_468.rs,Single File,Safe,Safe,Safe,Safe
Safe_Single,verified_rust_file_469.rs,Single File,Safe,Safe,Safe,Safe
Safe_Single,verified_rust_file_470.rs,Single File,Safe,Safe,Safe,Safe
Safe_Single,verified_rust_file_471.rs,Single File,Safe,Safe,Safe,Safe
Vuln_Single,verified_rust_file_472.rs,Single File,Safe,Vulnerable,Safe,Vulnerable
Safe_Single,verified_rust_file_473.rs,Single File,Safe,Safe,Safe,Safe
Safe_Single,verified_rust_file_474.rs,Single File,Safe,Safe,Safe,Safe
Safe_Single,verified_rust_file_475.rs,Single File,Safe,Safe,Safe,Safe
Safe_Single,verified_rust_file_476.rs,Single File,Safe,Safe,Safe,Safe
Safe_Single,verified_rust_file_477.rs,Single File,Safe,Safe,Safe,Safe
Safe_Single,verified_rust_file_478.rs,Single File,Safe,Safe,Safe,Safe
Safe_Single,verified_rust_file_479.rs,Single File,Safe,Safe,Safe,Safe
Safe_Single,verified_rust_file_480.rs,Single File,Safe,Safe,Safe,Safe
Safe_Single,verified_rust_file_481.rs,Single File,Safe,Safe,Safe,Safe
Safe_Single,verified_rust_file_482.rs,Single File,Safe,Safe,Safe,Safe
Safe_Single,verified_rust_file_483.rs,Single File,Safe,Safe,Safe,Safe
Vuln_Single,verified_rust_file_484.rs,Single File,Safe,Vulnerable,Safe,Vulnerable
Safe_Single,verified_rust_file_485.rs,Single File,Safe,Safe,Safe,Safe
Safe_Single,verified_rust_file_486.rs,Single File,Safe,Safe,Safe,Safe
Safe_Single,verified_rust_file_487.rs,Single File,Safe,Safe,Safe,Safe
Vuln_Single,verified_rust_file_488.rs,Single File,Safe,Vulnerable,Safe,Vulnerable
Safe_Single,verified_rust_file_489.rs,Single File,Safe,Safe,Safe,Safe
Safe_Single,verified_rust_file_490.rs,Single File,Safe,Safe,Safe,Safe
Safe_Single,verified_rust_file_491.rs,Single File,Safe,Safe,Safe,Safe
Vuln_Single,verified_rust_file_492.rs,Single File,Safe,Vulnerable,Safe,Vulnerable
Safe_Single,verified_rust_file_493.rs,Single File,Safe,Safe,Safe,Safe
Vuln_Single,verified_rust_file_494.rs,Single File,Safe,Vulnerable,Safe,Vulnerable
Safe_Single,verified_rust_file_495.rs,Single File,Safe,Safe,Safe,Safe
Safe_Single,verified_rust_file_496.rs,Single File,Safe,Safe,Safe,Safe
Safe_Single,verified_rust_file_497.rs,Single File,Safe,Safe,Safe,Safe
Safe_Single,verified_rust_file_498.rs,Single File,Safe,Safe,Safe,Safe
Vuln_Single,verified_rust_file_499.rs,Single File,Safe,Vulnerable,Safe,Vulnerable
Safe_Single,verified_rust_file_500.rs,Single File,Safe,Safe,Safe,Safe
Safe_Single,verified_rust_file_501.rs,Single File,Safe,Safe,Safe,Safe
Safe_Single,verified_rust_file_502.rs,Single File,Safe,Safe,Safe,Safe
Safe_Single,verified_rust_file_503.rs,Single File,Safe,Safe,Safe,Safe
Vuln_Single,verified_rust_file_504.rs,Single File,Safe,Vulnerable,Safe,Vulnerable
Safe_Single,verified_rust_file_505.rs,Single File,Safe,Safe,Safe,Safe
Safe_Single,verified_rust_file_506.rs,Single File,Safe,Safe,Safe,Safe
Vuln_Single,verified_rust_file_507.rs,Single File,Safe,Vulnerable,Safe,Vulnerable
Safe_Single,verified_rust_file_508.rs,Single File,Safe,Safe,Safe,Safe
Safe_Single,verified_rust_file_509.rs,Single File,Safe,Safe,Safe,Safe
Safe_Single,verified_rust_file_510.rs,Single File,Safe,Safe,Safe,Safe
Safe_Single,verified_rust_file_511.rs,Single File,Safe,Safe,Safe,Safe
Safe_Single,verified_rust_file_512.rs,Single File,Safe,Safe,Safe,Safe
Safe_Single,verified_rust_file_513.rs,Single File,Safe,Safe,Safe,Safe
Vuln_Single,verified_rust_file_514.rs,Single File,Safe,Vulnerable,Safe,Vulnerable
Safe_Single,verified_rust_file_515.rs,Single File,Safe,Safe,Safe,Safe
Safe_Single,verified_rust_file_516.rs,Single File,Safe,Safe,Safe,Safe
Safe_Single,verified_rust_file_517.rs,Single File,Safe,Safe,Safe,Safe
Safe_Single,verified_rust_file_518.rs,Single File,Safe,Safe,Safe,Safe
Safe_Single,verified_rust_file_519.rs,Single File,Safe,Safe,Safe,Safe
Safe_Single,verified_rust_file_520.rs,Single File,Safe,Safe,Safe,Safe
Safe_Single,verified_rust_file_521.rs,Single File,Safe,Safe,Safe,Safe
Safe_Single,verified_rust_file_522.rs,Single File,Safe,Safe,Safe,Safe
Safe_Single,verified_rust_file_523.rs,Single File,Safe,Safe,Safe,Safe
Safe_Single,verified_rust_file_524.rs,Single File,Safe,Safe,Safe,Safe
Vuln_Single,verified_rust_file_525.rs,Single File,Safe,Vulnerable,Safe,Vulnerable
Vuln_Single,verified_rust_file_526.rs,Single File,Safe,Vulnerable,Safe,Vulnerable
Safe_Single,verified_rust_file_527.rs,Single File,Safe,Safe,Safe,Safe
Safe_Single,verified_rust_file_528.rs,Single File,Safe,Safe,Safe,Safe
Safe_Single,verified_rust_file_529.rs,Single File,Safe,Safe,Safe,Safe
Safe_Single,verified_rust_file_530.rs,Single File,Safe,Safe,Safe,Safe
Safe_Single,verified_rust_file_531.rs,Single File,Safe,Safe,Safe,Safe
Vuln_Single,verified_rust_file_532.rs,Single File,Safe,Vulnerable,Safe,Vulnerable
Safe_Single,verified_rust_file_533.rs,Single File,Safe,Safe,Safe,Safe
Safe_Single,verified_rust_file_534.rs,Single File,Safe,Safe,Safe,Safe
Safe_Single,verified_rust_file_535.rs,Single File,Safe,Safe,Safe,Safe
Safe_Single,verified_rust_file_536.rs,Single File,Safe,Safe,Safe,Safe
Safe_Single,verified_rust_file_537.rs,Single File,Safe,Safe,Safe,Safe
Safe_Single,verified_rust_file_538.rs,Single File,Safe,Safe,Safe,Safe
Safe_Single,verified_rust_file_539.rs,Single File,Safe,Safe,Safe,Safe
Safe_Single,verified_rust_file_540.rs,Single File,Safe,Safe,Safe,Safe
Safe_Single,verified_rust_file_541.rs,Single File,Safe,Safe,Safe,Safe
Safe_Single,verified_rust_file_542.rs,Single File,Safe,Safe,Safe,Safe
Safe_Single,verified_rust_file_543.rs,Single File,Safe,Safe,Safe,Safe
Safe_Single,verified_rust_file_544.rs,Single File,Safe,Safe,Safe,Safe
Safe_Single,verified_rust_file_545.rs,Single File,Safe,Safe,Safe,Safe
Safe_Single,verified_rust_file_546.rs,Single File,Safe,Safe,Safe,Safe
Safe_Single,verified_rust_file_547.rs,Single File,Safe,Safe,Safe,Safe
Safe_Single,verified_rust_file_548.rs,Single File,Safe,Safe,Safe,Safe
Safe_Single,verified_rust_file_549.rs,Single File,Safe,Safe,Safe,Safe
Safe_Single,verified_rust_file_550.rs,Single File,Safe,Safe,Safe,Safe
Safe_Single,verified_rust_file_551.rs,Single File,Safe,Safe,Safe,Safe
Safe_Single,verified_rust_file_552.rs,Single File,Safe,Safe,Safe,Safe
Safe_Single,verified_rust_file_553.rs,Single File,Safe,Safe,Safe,Safe
Safe_Single,verified_rust_file_554.rs,Single File,Safe,Safe,Safe,Safe
Safe_Single,verified_rust_file_555.rs,Single File,Safe,Safe,Safe,Safe
Safe_Single,verified_rust_file_556.rs,Single File,Safe,Safe,Safe,Safe
Safe_Single,verified_rust_file_557.rs,Single File,Safe,Safe,Safe,Safe
Safe_Single,verified_rust_file_558.rs,Single File,Safe,Safe,Safe,Safe
Safe_Single,verified_rust_file_559.rs,Single File,Safe,Safe,Safe,Safe
Safe_Single,verified_rust_file_560.rs,Single File,Safe,Safe,Safe,Safe
Vuln_Single,verified_rust_file_561.rs,Single File,Safe,Vulnerable,Safe,Vulnerable
Safe_Single,verified_rust_file_562.rs,Single File,Safe,Safe,Safe,Safe
Safe_Single,verified_rust_file_563.rs,Single File,Safe,Safe,Safe,Safe
Safe_Single,verified_rust_file_564.rs,Single File,Safe,Safe,Safe,Safe
Safe_Single,verified_rust_file_565.rs,Single File,Safe,Safe,Safe,Safe
Safe_Single,verified_rust_file_566.rs,Single File,Safe,Safe,Safe,Safe
Vuln_Single,verified_rust_file_567.rs,Single File,Safe,Vulnerable,Safe,Vulnerable
Vuln_Single,verified_rust_file_568.rs,Single File,Safe,Vulnerable,Safe,Vulnerable
Vuln_Single,verified_rust_file_569.rs,Single File,Safe,Vulnerable,Safe,Vulnerable
Safe_Single,verified_rust_file_570.rs,Single File,Safe,Safe,Safe,Safe
Safe_Single,verified_rust_file_571.rs,Single File,Safe,Safe,Safe,Safe
Safe_Single,verified_rust_file_572.rs,Single File,Safe,Safe,Safe,Safe
Safe_Single,verified_rust_file_573.rs,Single File,Safe,Safe,Safe,Safe
Safe_Single,verified_rust_file_574.rs,Single File,Safe,Safe,Safe,Safe
Vuln_Single,verified_rust_file_575.rs,Single File,Safe,Vulnerable,Safe,Vulnerable
Safe_Single,verified_rust_file_576.rs,Single File,Safe,Safe,Safe,Safe
Safe_Single,verified_rust_file_577.rs,Single File,Safe,Safe,Safe,Safe
Vuln_Single,verified_rust_file_578.rs,Single File,Safe,Vulnerable,Safe,Vulnerable
Safe_Single,verified_rust_file_579.rs,Single File,Safe,Safe,Safe,Safe
Safe_Single,verified_rust_file_580.rs,Single File,Safe,Safe,Safe,Safe
Safe_Single,verified_rust_file_581.rs,Single File,Safe,Safe,Safe,Safe
Safe_Single,verified_rust_file_582.rs,Single File,Safe,Safe,Safe,Safe
Safe_Single,verified_rust_file_583.rs,Single File,Safe,Safe,Safe,Safe
Safe_Single,verified_rust_file_584.rs,Single File,Safe,Safe,Safe,Safe
Safe_Single,verified_rust_file_585.rs,Single File,Safe,Safe,Safe,Safe
Safe_Single,verified_rust_file_586.rs,Single File,Safe,Safe,Safe,Safe
Safe_Single,verified_rust_file_587.rs,Single File,Safe,Safe,Safe,Safe
Safe_Single,verified_rust_file_588.rs,Single File,Safe,Safe,Safe,Safe
Safe_Single,verified_rust_file_589.rs,Single File,Safe,Safe,Safe,Safe
Safe_Single,verified_rust_file_590.rs,Single File,Safe,Safe,Safe,Safe
Safe_Single,verified_rust_file_591.rs,Single File,Safe,Safe,Safe,Safe
Safe_Single,verified_rust_file_592.rs,Single File,Safe,Safe,Safe,Safe
Safe_Single,verified_rust_file_593.rs,Single File,Safe,Safe,Safe,Safe
Safe_Single,verified_rust_file_594.rs,Single File,Safe,Safe,Safe,Safe
Safe_Single,verified_rust_file_595.rs,Single File,Safe,Safe,Safe,Safe
Safe_Single,verified_rust_file_596.rs,Single File,Safe,Safe,Safe,Safe
Safe_Single,verified_rust_file_597.rs,Single File,Safe,Safe,Safe,Safe
Safe_Single,verified_rust_file_598.rs,Single File,Safe,Safe,Safe,Safe
Safe_Single,verified_rust_file_599.rs,Single File,Safe,Safe,Safe,Safe
Safe_Single,verified_rust_file_600.rs,Single File,Safe,Safe,Safe,Safe
Safe_Single,verified_rust_file_601.rs,Single File,Safe,Safe,Safe,Safe
Safe_Single,verified_rust_file_602.rs,Single File,Safe,Safe,Safe,Safe
Vuln_Single,verified_rust_file_603.rs,Single File,Safe,Vulnerable,Safe,Vulnerable
Safe_Single,verified_rust_file_604.rs,Single File,Safe,Safe,Safe,Safe
Safe_Single,verified_rust_file_605.rs,Single File,Safe,Safe,Safe,Safe
Safe_Single,verified_rust_file_606.rs,Single File,Safe,Safe,Safe,Safe
Safe_Single,verified_rust_file_607.rs,Single File,Safe,Safe,Safe,Safe
Safe_Single,verified_rust_file_608.rs,Single File,Safe,Safe,Safe,Safe
Safe_Single,verified_rust_file_609.rs,Single File,Safe,Safe,Safe,Safe
Vuln_Single,verified_rust_file_610.rs,Single File,Safe,Vulnerable,Safe,Vulnerable
Vuln_Single,verified_rust_file_611.rs,Single File,Safe,Vulnerable,Safe,Vulnerable
Safe_Single,verified_rust_file_612.rs,Single File,Safe,Safe,Safe,Safe
Safe_Single,verified_rust_file_613.rs,Single File,Safe,Safe,Safe,Safe
Safe_Single,verified_rust_file_614.rs,Single File,Safe,Safe,Safe,Safe
Safe_Single,verified_rust_file_615.rs,Single File,Safe,Safe,Safe,Safe
Safe_Single,verified_rust_file_616.rs,Single File,Safe,Safe,Safe,Safe
Safe_Single,verified_rust_file_617.rs,Single File,Safe,Safe,Safe,Safe
Vuln_Single,verified_rust_file_618.rs,Single File,Safe,Vulnerable,Safe,Vulnerable
Vuln_Single,verified_rust_file_619.rs,Single File,Safe,Vulnerable,Safe,Vulnerable
Safe_Single,verified_rust_file_620.rs,Single File,Safe,Safe,Safe,Safe
Safe_Single,verified_rust_file_621.rs,Single File,Safe,Safe,Safe,Safe
Safe_Single,verified_rust_file_622.rs,Single File,Safe,Safe,Safe,Safe
Safe_Single,verified_rust_file_623.rs,Single File,Safe,Safe,Safe,Safe
Safe_Single,verified_rust_file_624.rs,Single File,Safe,Safe,Safe,Safe
Vuln_Single,verified_rust_file_625.rs,Single File,Safe,Vulnerable,Safe,Vulnerable
Safe_Single,verified_rust_file_626.rs,Single File,Safe,Safe,Safe,Safe
Safe_Single,verified_rust_file_627.rs,Single File,Safe,Safe,Safe,Safe
Safe_Single,verified_rust_file_628.rs,Single File,Safe,Safe,Safe,Safe
Vuln_Single,verified_rust_file_629.rs,Single File,Safe,Vulnerable,Safe,Vulnerable
Safe_Single,verified_rust_file_630.rs,Single File,Safe,Safe,Safe,Safe
Safe_Single,verified_rust_file_631.rs,Single File,Safe,Safe,Safe,Safe
Safe_Single,verified_rust_file_632.rs,Single File,Safe,Safe,Safe,Safe
Safe_Single,verified_rust_file_633.rs,Single File,Safe,Safe,Safe,Safe
Safe_Single,verified_rust_file_634.rs,Single File,Safe,Safe,Safe,Safe
Safe_Single,verified_rust_file_635.rs,Single File,Safe,Safe,Safe,Safe
Safe_Single,verified_rust_file_636.rs,Single File,Safe,Safe,Safe,Safe
Safe_Single,verified_rust_file_637.rs,Single File,Safe,Safe,Safe,Safe
Vuln_Single,verified_rust_file_638.rs,Single File,Safe,Vulnerable,Safe,Vulnerable
Vuln_Single,verified_rust_file_639.rs,Single File,Safe,Vulnerable,Safe,Vulnerable
Safe_Single,verified_rust_file_640.rs,Single File,Safe,Safe,Safe,Safe
Safe_Single,verified_rust_file_641.rs,Single File,Safe,Safe,Safe,Safe
Safe_Single,verified_rust_file_642.rs,Single File,Safe,Safe,Safe,Safe
Safe_Single,verified_rust_file_643.rs,Single File,Safe,Safe,Safe,Safe
Safe_Single,verified_rust_file_644.rs,Single File,Safe,Safe,Safe,Safe
Safe_Single,verified_rust_file_645.rs,Single File,Safe,Safe,Safe,Safe
Safe_Single,verified_rust_file_646.rs,Single File,Safe,Safe,Safe,Safe
Safe_Single,verified_rust_file_647.rs,Single File,Safe,Safe,Safe,Safe
Safe_Single,verified_rust_file_648.rs,Single File,Safe,Safe,Safe,Safe
Safe_Single,verified_rust_file_649.rs,Single File,Safe,Safe,Safe,Safe
Safe_Single,verified_rust_file_650.rs,Single File,Safe,Safe,Safe,Safe
Safe_Single,verified_rust_file_651.rs,Single File,Safe,Safe,Safe,Safe
Safe_Single,verified_rust_file_652.rs,Single File,Safe,Safe,Safe,Safe
Safe_Single,verified_rust_file_653.rs,Single File,Safe,Safe,Safe,Safe
Safe_Single,verified_rust_file_654.rs,Single File,Safe,Safe,Safe,Safe
Vuln_Single,verified_rust_file_655.rs,Single File,Safe,Vulnerable,Safe,Vulnerable
Vuln_Single,verified_rust_file_656.rs,Single File,Safe,Vulnerable,Safe,Vulnerable
Safe_Single,verified_rust_file_657.rs,Single File,Safe,Safe,Safe,Safe
Safe_Single,verified_rust_file_658.rs,Single File,Safe,Safe,Safe,Safe
Safe_Single,verified_rust_file_659.rs,Single File,Safe,Safe,Safe,Safe
Safe_Single,verified_rust_file_660.rs,Single File,Safe,Safe,Safe,Safe
Safe_Single,verified_rust_file_661.rs,Single File,Safe,Safe,Safe,Safe
Safe_Single,verified_rust_file_662.rs,Single File,Safe,Safe,Safe,Safe
Safe_Single,verified_rust_file_663.rs,Single File,Safe,Safe,Safe,Safe
Safe_Single,verified_rust_file_664.rs,Single File,Safe,Safe,Safe,Safe
Safe_Single,verified_rust_file_665.rs,Single File,Safe,Safe,Safe,Safe
Safe_Single,verified_rust_file_666.rs,Single File,Safe,Safe,Safe,Safe
Safe_Single,verified_rust_file_667.rs,Single File,Safe,Safe,Safe,Safe
Safe_Single,verified_rust_file_668.rs,Single File,Safe,Safe,Safe,Safe
Safe_Single,verified_rust_file_669.rs,Single File,Safe,Safe,Safe,Safe
Safe_Single,verified_rust_file_670.rs,Single File,Safe,Safe,Safe,Safe
Vuln_Single,verified_rust_file_671.rs,Single File,Safe,Vulnerable,Safe,Vulnerable
Safe_Single,verified_rust_file_672.rs,Single File,Safe,Safe,Safe,Safe
Safe_Single,verified_rust_file_673.rs,Single File,Safe,Safe,Safe,Safe
Safe_Single,verified_rust_file_674.rs,Single File,Safe,Safe,Safe,Safe
Safe_Single,verified_rust_file_675.rs,Single File,Safe,Safe,Safe,Safe
Safe_Single,verified_rust_file_676.rs,Single File,Safe,Safe,Safe,Safe
Safe_Single,verified_rust_file_677.rs,Single File,Safe,Safe,Safe,Safe
Vuln_Single,verified_rust_file_678.rs,Single File,Safe,Vulnerable,Safe,Vulnerable
Safe_Single,verified_rust_file_679.rs,Single File,Safe,Safe,Safe,Safe
Safe_Single,verified_rust_file_680.rs,Single File,Safe,Safe,Safe,Safe
Safe_Single,verified_rust_file_681.rs,Single File,Safe,Safe,Safe,Safe
Vuln_Single,verified_rust_file_682.rs,Single File,Safe,Vulnerable,Safe,Vulnerable
Safe_Single,verified_rust_file_683.rs,Single File,Safe,Safe,Safe,Safe
Safe_Single,verified_rust_file_684.rs,Single File,Safe,Safe,Safe,Safe
Vuln_Single,verified_rust_file_685.rs,Single File,Safe,Vulnerable,Safe,Vulnerable
Safe_Single,verified_rust_file_686.rs,Single File,Safe,Safe,Safe,Safe
Safe_Single,verified_rust_file_687.rs,Single File,Safe,Safe,Safe,Safe
Safe_Single,verified_rust_file_688.rs,Single File,Safe,Safe,Safe,Safe
Safe_Single,verified_rust_file_689.rs,Single File,Safe,Safe,Safe,Safe
Safe_Single,verified_rust_file_690.rs,Single File,Safe,Safe,Safe,Safe
Vuln_Single,verified_rust_file_691.rs,Single File,Safe,Vulnerable,Safe,Vulnerable
Vuln_Single,verified_rust_file_692.rs,Single File,Safe,Vulnerable,Safe,Vulnerable
Safe_Single,verified_rust_file_693.rs,Single File,Safe,Safe,Safe,Safe
Safe_Single,verified_rust_file_694.rs,Single File,Safe,Safe,Safe,Safe
Safe_Single,verified_rust_file_695.rs,Single File,Safe,Safe,Safe,Safe
Safe_Single,verified_rust_file_696.rs,Single File,Safe,Safe,Safe,Safe
Safe_Single,verified_rust_file_697.rs,Single File,Safe,Safe,Safe,Safe
Vuln_Single,verified_rust_file_698.rs,Single File,Safe,Vulnerable,Safe,Vulnerable
Safe_Single,verified_rust_file_699.rs,Single File,Safe,Safe,Safe,Safe
Vuln_Single,verified_rust_file_700.rs,Single File,Safe,Vulnerable,Safe,Vulnerable
Safe_Single,verified_rust_file_701.rs,Single File,Safe,Safe,Safe,Safe
Safe_Single,verified_rust_file_702.rs,Single File,Safe,Safe,Safe,Safe
Safe_Single,verified_rust_file_703.rs,Single File,Safe,Safe,Safe,Safe
Vuln_Single,verified_rust_file_704.rs,Single File,Safe,Vulnerable,Safe,Vulnerable
Safe_Single,verified_rust_file_705.rs,Single File,Safe,Safe,Safe,Safe
Safe_Single,verified_rust_file_706.rs,Single File,Safe,Safe,Safe,Safe
Vuln_Single,verified_rust_file_707.rs,Single File,Safe,Vulnerable,Safe,Vulnerable
Safe_Single,verified_rust_file_708.rs,Single File,Safe,Safe,Safe,Safe
Safe_Single,verified_rust_file_709.rs,Single File,Safe,Safe,Safe,Safe
Safe_Single,verified_rust_file_710.rs,Single File,Safe,Safe,Safe,Safe
Safe_Single,verified_rust_file_711.rs,Single File,Safe,Safe,Safe,Safe
Safe_Single,verified_rust_file_712.rs,Single File,Safe,Safe,Safe,Safe
Vuln_Single,verified_rust_file_713.rs,Single File,Safe,Vulnerable,Safe,Vulnerable
Safe_Single,verified_rust_file_714.rs,Single File,Safe,Safe,Safe,Safe
Safe_Single,verified_rust_file_715.rs,Single File,Safe,Safe,Safe,Safe
Vuln_Single,verified_rust_file_716.rs,Single File,Safe,Vulnerable,Safe,Vulnerable
Safe_Single,verified_rust_file_717.rs,Single File,Safe,Safe,Safe,Safe
Safe_Single,verified_rust_file_718.rs,Single File,Safe,Safe,Safe,Safe
Safe_Single,verified_rust_file_719.rs,Single File,Safe,Safe,Safe,Safe
Safe_Single,verified_rust_file_720.rs,Single File,Safe,Safe,Safe,Safe
Safe_Single,verified_rust_file_721.rs,Single File,Safe,Safe,Safe,Safe
Safe_Single,verified_rust_file_722.rs,Single File,Safe,Safe,Safe,Safe
Safe_Single,verified_rust_file_723.rs,Single File,Safe,Safe,Safe,Safe
Safe_Single,verified_rust_file_724.rs,Single File,Safe,Safe,Safe,Safe
Safe_Single,verified_rust_file_725.rs,Single File,Safe,Safe,Safe,Safe
Safe_Single,verified_rust_file_726.rs,Single File,Safe,Safe,Safe,Safe
Safe_Single,verified_rust_file_727.rs,Single File,Safe,Safe,Safe,Safe
Safe_Single,verified_rust_file_728.rs,Single File,Safe,Safe,Safe,Safe
Safe_Single,verified_rust_file_729.rs,Single File,Safe,Safe,Safe,Safe
Safe_Single,verified_rust_file_730.rs,Single File,Safe,Safe,Safe,Safe
Safe_Single,verified_rust_file_731.rs,Single File,Safe,Safe,Safe,Safe
Safe_Single,verified_rust_file_732.rs,Single File,Safe,Safe,Safe,Safe
Safe_Single,verified_rust_file_733.rs,Single File,Safe,Safe,Safe,Safe
Safe_Single,verified_rust_file_734.rs,Single File,Safe,Safe,Safe,Safe
Safe_Single,verified_rust_file_735.rs,Single File,Safe,Safe,Safe,Safe
Safe_Single,verified_rust_file_736.rs,Single File,Safe,Safe,Safe,Safe
Safe_Single,verified_rust_file_737.rs,Single File,Safe,Safe,Safe,Safe
Safe_Single,verified_rust_file_738.rs,Single File,Safe,Safe,Safe,Safe
Safe_Single,verified_rust_file_739.rs,Single File,Safe,Safe,Safe,Safe
Safe_Single,verified_rust_file_740.rs,Single File,Safe,Safe,Safe,Safe
Safe_Single,verified_rust_file_741.rs,Single File,Safe,Safe,Safe,Safe
Safe_Single,verified_rust_file_742.rs,Single File,Safe,Safe,Safe,Safe
Safe_Single,verified_rust_file_743.rs,Single File,Safe,Safe,Safe,Safe
Safe_Single,verified_rust_file_744.rs,Single File,Safe,Safe,Safe,Safe
Safe_Single,verified_rust_file_745.rs,Single File,Safe,Safe,Safe,Safe
Safe_Single,verified_rust_file_746.rs,Single File,Safe,Safe,Safe,Safe
Safe_Single,verified_rust_file_747.rs,Single File,Safe,Safe,Safe,Safe
Vuln_Single,verified_rust_file_748.rs,Single File,Safe,Vulnerable,Safe,Vulnerable
Safe_Single,verified_rust_file_749.rs,Single File,Safe,Safe,Safe,Safe
Safe_Single,verified_rust_file_750.rs,Single File,Safe,Safe,Safe,Safe
Safe_Single,verified_rust_file_751.rs,Single File,Safe,Safe,Safe,Safe
Safe_Single,verified_rust_file_752.rs,Single File,Safe,Safe,Safe,Safe
Safe_Single,verified_rust_file_753.rs,Single File,Safe,Safe,Safe,Safe
Safe_Single,verified_rust_file_754.rs,Single File,Safe,Safe,Safe,Safe
Safe_Single,verified_rust_file_755.rs,Single File,Safe,Safe,Safe,Safe
Safe_Single,verified_rust_file_756.rs,Single File,Safe,Safe,Safe,Safe
Vuln_Single,verified_rust_file_757.rs,Single File,Safe,Vulnerable,Safe,Vulnerable
Safe_Single,verified_rust_file_758.rs,Single File,Safe,Safe,Safe,Safe
Safe_Single,verified_rust_file_759.rs,Single File,Safe,Safe,Safe,Safe
Vuln_Single,verified_rust_file_760.rs,Single File,Safe,Vulnerable,Safe,Vulnerable
Safe_Single,verified_rust_file_761.rs,Single File,Safe,Safe,Safe,Safe
Safe_Single,verified_rust_file_762.rs,Single File,Safe,Safe,Safe,Safe
Safe_Single,verified_rust_file_763.rs,Single File,Safe,Safe,Safe,Safe
Safe_Single,verified_rust_file_764.rs,Single File,Safe,Safe,Safe,Safe
Vuln_Single,verified_rust_file_765.rs,Single File,Safe,Vulnerable,Safe,Vulnerable
Safe_Single,verified_rust_file_766.rs,Single File,Safe,Safe,Safe,Safe
Safe_Single,verified_rust_file_767.rs,Single File,Safe,Safe,Safe,Safe
Safe_Single,verified_rust_file_768.rs,Single File,Safe,Safe,Safe,Safe
Safe_Single,verified_rust_file_769.rs,Single File,Safe,Safe,Safe,Safe
Safe_Single,verified_rust_file_770.rs,Single File,Safe,Safe,Safe,Safe
Safe_Single,verified_rust_file_771.rs,Single File,Safe,Safe,Safe,Safe
Safe_Single,verified_rust_file_772.rs,Single File,Safe,Safe,Safe,Safe
Safe_Single,verified_rust_file_773.rs,Single File,Safe,Safe,Safe,Safe
Safe_Single,verified_rust_file_774.rs,Single File,Safe,Safe,Safe,Safe
Safe_Single,verified_rust_file_775.rs,Single File,Safe,Safe,Safe,Safe
Safe_Single,verified_rust_file_776.rs,Single File,Safe,Safe,Safe,Safe
Safe_Single,verified_rust_file_777.rs,Single File,Safe,Safe,Safe,Safe
Safe_Single,verified_rust_file_778.rs,Single File,Safe,Safe,Safe,Safe
Safe_Single,verified_rust_file_779.rs,Single File,Safe,Safe,Safe,Safe
Safe_Single,verified_rust_file_780.rs,Single File,Safe,Safe,Safe,Safe
Safe_Single,verified_rust_file_781.rs,Single File,Safe,Safe,Safe,Safe
Safe_Single,verified_rust_file_782.rs,Single File,Safe,Safe,Safe,Safe
Safe_Single,verified_rust_file_783.rs,Single File,Safe,Safe,Safe,Safe
Safe_Single,verified_rust_file_784.rs,Single File,Safe,Safe,Safe,Safe
Safe_Single,verified_rust_file_785.rs,Single File,Safe,Safe,Safe,Safe
Safe_Single,verified_rust_file_786.rs,Single File,Safe,Safe,Safe,Safe
Safe_Single,verified_rust_file_787.rs,Single File,Safe,Safe,Safe,Safe
Safe_Single,verified_rust_file_788.rs,Single File,Safe,Safe,Safe,Safe
Safe_Single,verified_rust_file_789.rs,Single File,Safe,Safe,Safe,Safe
Safe_Single,verified_rust_file_790.rs,Single File,Safe,Safe,Safe,Safe
Safe_Single,verified_rust_file_791.rs,Single File,Safe,Safe,Safe,Safe
Safe_Single,verified_rust_file_792.rs,Single File,Safe,Safe,Safe,Safe
Safe_Single,verified_rust_file_793.rs,Single File,Safe,Safe,Safe,Safe
Safe_Single,verified_rust_file_794.rs,Single File,Safe,Safe,Safe,Safe
Safe_Single,verified_rust_file_795.rs,Single File,Safe,Safe,Safe,Safe
Vuln_Single,verified_rust_file_796.rs,Single File,Safe,Vulnerable,Safe,Vulnerable
Safe_Single,verified_rust_file_797.rs,Single File,Safe,Safe,Safe,Safe
Safe_Single,verified_rust_file_798.rs,Single File,Safe,Safe,Safe,Safe
Safe_Single,verified_rust_file_799.rs,Single File,Safe,Safe,Safe,Safe
Safe_Single,verified_rust_file_800.rs,Single File,Safe,Safe,Safe,Safe
Safe_Single,verified_rust_file_801.rs,Single File,Safe,Safe,Safe,Safe
Safe_Single,verified_rust_file_802.rs,Single File,Safe,Safe,Safe,Safe
Safe_Single,verified_rust_file_803.rs,Single File,Safe,Safe,Safe,Safe
Safe_Single,verified_rust_file_804.rs,Single File,Safe,Safe,Safe,Safe
Safe_Single,verified_rust_file_805.rs,Single File,Safe,Safe,Safe,Safe
Safe_Single,verified_rust_file_806.rs,Single File,Safe,Safe,Safe,Safe
Safe_Single,verified_rust_file_807.rs,Single File,Safe,Safe,Safe,Safe
Safe_Single,verified_rust_file_808.rs,Single File,Safe,Safe,Safe,Safe
Vuln_Single,verified_rust_file_809.rs,Single File,Safe,Vulnerable,Safe,Vulnerable
Safe_Single,verified_rust_file_810.rs,Single File,Safe,Safe,Safe,Safe
Vuln_Single,verified_rust_file_811.rs,Single File,Safe,Vulnerable,Safe,Vulnerable
Safe_Single,verified_rust_file_812.rs,Single File,Safe,Safe,Safe,Safe
Safe_Single,verified_rust_file_813.rs,Single File,Safe,Safe,Safe,Safe
Safe_Single,verified_rust_file_814.rs,Single File,Safe,Safe,Safe,Safe
Safe_Single,verified_rust_file_815.rs,Single File,Safe,Safe,Safe,Safe
Safe_Single,verified_rust_file_816.rs,Single File,Safe,Safe,Safe,Safe
Safe_Single,verified_rust_file_817.rs,Single File,Safe,Safe,Safe,Safe
Safe_Single,verified_rust_file_818.rs,Single File,Safe,Safe,Safe,Safe
Vuln_Single,verified_rust_file_819.rs,Single File,Safe,Vulnerable,Safe,Vulnerable
Safe_Single,verified_rust_file_820.rs,Single File,Safe,Safe,Safe,Safe
Safe_Single,verified_rust_file_821.rs,Single File,Safe,Safe,Safe,Safe
Safe_Single,verified_rust_file_822.rs,Single File,Safe,Safe,Safe,Safe
Safe_Single,verified_rust_file_823.rs,Single File,Safe,Safe,Safe,Safe
Safe_Single,verified_rust_file_824.rs,Single File,Safe,Safe,Safe,Safe
Safe_Single,verified_rust_file_825.rs,Single File,Safe,Safe,Safe,Safe
Safe_Single,verified_rust_file_826.rs,Single File,Safe,Safe,Safe,Safe
Safe_Single,verified_rust_file_827.rs,Single File,Safe,Safe,Safe,Safe
Safe_Single,verified_rust_file_828.rs,Single File,Safe,Safe,Safe,Safe
Safe_Single,verified_rust_file_829.rs,Single File,Safe,Safe,Safe,Safe
Safe_Single,verified_rust_file_830.rs,Single File,Safe,Safe,Safe,Safe
Safe_Single,verified_rust_file_831.rs,Single File,Safe,Safe,Safe,Safe
Safe_Single,verified_rust_file_832.rs,Single File,Safe,Safe,Safe,Safe
Safe_Single,verified_rust_file_833.rs,Single File,Safe,Safe,Safe,Safe
Safe_Single,verified_rust_file_834.rs,Single File,Safe,Safe,Safe,Safe
Safe_Single,verified_rust_file_835.rs,Single File,Safe,Safe,Safe,Safe
Safe_Single,verified_rust_file_836.rs,Single File,Safe,Safe,Safe,Safe
Safe_Single,verified_rust_file_837.rs,Single File,Safe,Safe,Safe,Safe
Safe_Single,verified_rust_file_838.rs,Single File,Safe,Safe,Safe,Safe
Safe_Single,verified_rust_file_839.rs,Single File,Safe,Safe,Safe,Safe
Vuln_Single,verified_rust_file_840.rs,Single File,Safe,Vulnerable,Safe,Vulnerable
Vuln_Single,verified_rust_file_841.rs,Single File,Safe,Vulnerable,Safe,Vulnerable
Safe_Single,verified_rust_file_842.rs,Single File,Safe,Safe,Safe,Safe
Safe_Single,verified_rust_file_843.rs,Single File,Safe,Safe,Safe,Safe
Vuln_Single,verified_rust_file_844.rs,Single File,Safe,Vulnerable,Safe,Vulnerable
Vuln_Single,verified_rust_file_845.rs,Single File,Safe,Vulnerable,Safe,Vulnerable
Safe_Single,verified_rust_file_846.rs,Single File,Safe,Safe,Safe,Safe
Safe_Single,verified_rust_file_847.rs,Single File,Safe,Safe,Safe,Safe
Safe_Single,verified_rust_file_848.rs,Single File,Safe,Safe,Safe,Safe
Safe_Single,verified_rust_file_849.rs,Single File,Safe,Safe,Safe,Safe
Safe_Single,verified_rust_file_850.rs,Single File,Safe,Safe,Safe,Safe
Vuln_Single,verified_rust_file_851.rs,Single File,Safe,Vulnerable,Safe,Vulnerable
Safe_Single,verified_rust_file_852.rs,Single File,Safe,Safe,Safe,Safe
Safe_Single,verified_rust_file_853.rs,Single File,Safe,Safe,Safe,Safe
Safe_Single,verified_rust_file_854.rs,Single File,Safe,Safe,Safe,Safe
Safe_Single,verified_rust_file_855.rs,Single File,Safe,Safe,Safe,Safe
Safe_Single,verified_rust_file_856.rs,Single File,Safe,Safe,Safe,Safe
Safe_Single,verified_rust_file_857.rs,Single File,Safe,Safe,Safe,Safe
Vuln_Single,verified_rust_file_858.rs,Single File,Safe,Vulnerable,Safe,Vulnerable
Safe_Single,verified_rust_file_859.rs,Single File,Safe,Safe,Safe,Safe
Safe_Single,verified_rust_file_860.rs,Single File,Safe,Safe,Safe,Safe
Safe_Single,verified_rust_file_861.rs,Single File,Safe,Safe,Safe,Safe
Safe_Single,verified_rust_file_862.rs,Single File,Safe,Safe,Safe,Safe
Safe_Single,verified_rust_file_863.rs,Single File,Safe,Safe,Safe,Safe
Safe_Single,verified_rust_file_864.rs,Single File,Safe,Safe,Safe,Safe
Safe_Single,verified_rust_file_865.rs,Single File,Safe,Safe,Safe,Safe
Safe_Single,verified_rust_file_866.rs,Single File,Safe,Safe,Safe,Safe
Safe_Single,verified_rust_file_867.rs,Single File,Safe,Safe,Safe,Safe
Safe_Single,verified_rust_file_868.rs,Single File,Safe,Safe,Safe,Safe
Safe_Single,verified_rust_file_869.rs,Single File,Safe,Safe,Safe,Safe
Safe_Single,verified_rust_file_870.rs,Single File,Safe,Safe,Safe,Safe
Vuln_Single,verified_rust_file_871.rs,Single File,Safe,Vulnerable,Safe,Vulnerable
Safe_Single,verified_rust_file_872.rs,Single File,Safe,Safe,Safe,Safe
Safe_Single,verified_rust_file_873.rs,Single File,Safe,Safe,Safe,Safe
Safe_Single,verified_rust_file_874.rs,Single File,Safe,Safe,Safe,Safe
Safe_Single,verified_rust_file_875.rs,Single File,Safe,Safe,Safe,Safe
Vuln_Single,verified_rust_file_876.rs,Single File,Safe,Vulnerable,Safe,Vulnerable
Safe_Single,verified_rust_file_877.rs,Single File,Safe,Safe,Safe,Safe
Safe_Single,verified_rust_file_878.rs,Single File,Safe,Safe,Safe,Safe
Safe_Single,verified_rust_file_879.rs,Single File,Safe,Safe,Safe,Safe
Vuln_Single,verified_rust_file_880.rs,Single File,Safe,Vulnerable,Safe,Vulnerable
Vuln_Single,verified_rust_file_881.rs,Single File,Safe,Vulnerable,Safe,Vulnerable
Safe_Single,verified_rust_file_882.rs,Single File,Safe,Safe,Safe,Safe
Vuln_Single,verified_rust_file_883.rs,Single File,Safe,Vulnerable,Safe,Vulnerable
Safe_Single,verified_rust_file_884.rs,Single File,Safe,Safe,Safe,Safe
Safe_Single,verified_rust_file_885.rs,Single File,Safe,Safe,Safe,Safe
Safe_Single,verified_rust_file_886.rs,Single File,Safe,Safe,Safe,Safe
Safe_Single,verified_rust_file_887.rs,Single File,Safe,Safe,Safe,Safe
Safe_Single,verified_rust_file_888.rs,Single File,Safe,Safe,Safe,Safe
Safe_Single,verified_rust_file_889.rs,Single File,Safe,Safe,Safe,Safe
Safe_Single,verified_rust_file_890.rs,Single File,Safe,Safe,Safe,Safe
Vuln_Single,verified_rust_file_891.rs,Single File,Safe,Vulnerable,Safe,Vulnerable
Safe_Single,verified_rust_file_892.rs,Single File,Safe,Safe,Safe,Safe
Safe_Single,verified_rust_file_893.rs,Single File,Safe,Safe,Safe,Safe
Safe_Single,verified_rust_file_894.rs,Single File,Safe,Safe,Safe,Safe
Safe_Single,verified_rust_file_895.rs,Single File,Safe,Safe,Safe,Safe
Safe_Single,verified_rust_file_896.rs,Single File,Safe,Safe,Safe,Safe
Safe_Single,verified_rust_file_897.rs,Single File,Safe,Safe,Safe,Safe
Vuln_Single,verified_rust_file_898.rs,Single File,Safe,Vulnerable,Safe,Vulnerable
Vuln_Single,verified_rust_file_899.rs,Single File,Safe,Vulnerable,Safe,Vulnerable
Safe_Single,verified_rust_file_900.rs,Single File,Safe,Safe,Safe,Safe
Safe_Single,verified_rust_file_901.rs,Single File,Safe,Safe,Safe,Safe
Safe_Single,verified_rust_file_902.rs,Single File,Safe,Safe,Safe,Safe
Safe_Single,verified_rust_file_903.rs,Single File,Safe,Safe,Safe,Safe
Safe_Single,verified_rust_file_904.rs,Single File,Safe,Safe,Safe,Safe
Safe_Single,verified_rust_file_905.rs,Single File,Safe,Safe,Safe,Safe
Safe_Single,verified_rust_file_906.rs,Single File,Safe,Safe,Safe,Safe
Safe_Single,verified_rust_file_907.rs,Single File,Safe,Safe,Safe,Safe
Safe_Single,verified_rust_file_908.rs,Single File,Safe,Safe,Safe,Safe
Safe_Single,verified_rust_file_909.rs,Single File,Safe,Safe,Safe,Safe
Safe_Single,verified_rust_file_910.rs,Single File,Safe,Safe,Safe,Safe
Vuln_Single,verified_rust_file_911.rs,Single File,Safe,Vulnerable,Safe,Vulnerable
Vuln_Single,verified_rust_file_912.rs,Single File,Safe,Vulnerable,Safe,Vulnerable
Safe_Single,verified_rust_file_913.rs,Single File,Safe,Safe,Safe,Safe
Vuln_Single,verified_rust_file_914.rs,Single File,Safe,Vulnerable,Safe,Vulnerable
Safe_Single,verified_rust_file_915.rs,Single File,Safe,Safe,Safe,Safe
Safe_Single,verified_rust_file_916.rs,Single File,Safe,Safe,Safe,Safe
Safe_Single,verified_rust_file_917.rs,Single File,Safe,Safe,Safe,Safe
Vuln_Single,verified_rust_file_918.rs,Single File,Safe,Vulnerable,Safe,Vulnerable
Vuln_Single,verified_rust_file_919.rs,Single File,Safe,Vulnerable,Safe,Vulnerable
Safe_Single,verified_rust_file_920.rs,Single File,Safe,Safe,Safe,Safe
Vuln_Single,verified_rust_file_921.rs,Single File,Safe,Vulnerable,Safe,Vulnerable
Vuln_Single,verified_rust_file_922.rs,Single File,Safe,Vulnerable,Safe,Vulnerable
Vuln_Single,verified_rust_file_923.rs,Single File,Safe,Vulnerable,Safe,Vulnerable
Vuln_Single,verified_rust_file_924.rs,Single File,Safe,Vulnerable,Safe,Vulnerable
Safe_Single,verified_rust_file_925.rs,Single File,Safe,Safe,Safe,Safe
Safe_Single,verified_rust_file_926.rs,Single File,Safe,Safe,Safe,Safe
Safe_Single,verified_rust_file_927.rs,Single File,Safe,Safe,Safe,Safe
Safe_Single,verified_rust_file_928.rs,Single File,Safe,Safe,Safe,Safe
Safe_Single,verified_rust_file_929.rs,Single File,Safe,Safe,Safe,Safe
Safe_Single,verified_rust_file_930.rs,Single File,Safe,Safe,Safe,Safe
Safe_Single,verified_rust_file_931.rs,Single File,Safe,Safe,Safe,Safe
Safe_Single,verified_rust_file_932.rs,Single File,Safe,Safe,Safe,Safe
Safe_Single,verified_rust_file_933.rs,Single File,Safe,Safe,Safe,Safe
Safe_Single,verified_rust_file_934.rs,Single File,Safe,Safe,Safe,Safe
Safe_Single,verified_rust_file_935.rs,Single File,Safe,Safe,Safe,Safe
Safe_Single,verified_rust_file_936.rs,Single File,Safe,Safe,Safe,Safe
Safe_Single,verified_rust_file_937.rs,Single File,Safe,Safe,Safe,Safe
Safe_Single,verified_rust_file_938.rs,Single File,Safe,Safe,Safe,Safe
Safe_Single,verified_rust_file_939.rs,Single File,Safe,Safe,Safe,Safe
Safe_Single,verified_rust_file_940.rs,Single File,Safe,Safe,Safe,Safe
Safe_Single,verified_rust_file_941.rs,Single File,Safe,Safe,Safe,Safe
Safe_Single,verified_rust_file_942.rs,Single File,Safe,Safe,Safe,Safe
Safe_Single,verified_rust_file_943.rs,Single File,Safe,Safe,Safe,Safe
Safe_Single,verified_rust_file_944.rs,Single File,Safe,Safe,Safe,Safe
Safe_Single,verified_rust_file_945.rs,Single File,Safe,Safe,Safe,Safe
Safe_Single,verified_rust_file_946.rs,Single File,Safe,Safe,Safe,Safe
Safe_Single,verified_rust_file_947.rs,Single File,Safe,Safe,Safe,Safe
Safe_Single,verified_rust_file_948.rs,Single File,Safe,Safe,Safe,Safe
Safe_Single,verified_rust_file_949.rs,Single File,Safe,Safe,Safe,Safe
Safe_Single,verified_rust_file_950.rs,Single File,Safe,Safe,Safe,Safe
Safe_Single,verified_rust_file_951.rs,Single File,Safe,Safe,Safe,Safe
Safe_Single,verified_rust_file_952.rs,Single File,Safe,Safe,Safe,Safe
Safe_Single,verified_rust_file_953.rs,Single File,Safe,Safe,Safe,Safe
Vuln_Single,verified_rust_file_954.rs,Single File,Safe,Vulnerable,Safe,Vulnerable
Vuln_Single,verified_rust_file_955.rs,Single File,Safe,Vulnerable,Safe,Vulnerable
Vuln_Single,verified_rust_file_956.rs,Single File,Safe,Vulnerable,Safe,Vulnerable
Vuln_Single,verified_rust_file_957.rs,Single File,Safe,Vulnerable,Safe,Vulnerable
Safe_Single,verified_rust_file_958.rs,Single File,Safe,Safe,Safe,Safe
Safe_Single,verified_rust_file_959.rs,Single File,Safe,Safe,Safe,Safe
Safe_Single,verified_rust_file_960.rs,Single File,Safe,Safe,Safe,Safe
Safe_Single,verified_rust_file_961.rs,Single File,Safe,Safe,Safe,Safe
Safe_Single,verified_rust_file_962.rs,Single File,Safe,Safe,Safe,Safe
Safe_Single,verified_rust_file_963.rs,Single File,Safe,Safe,Safe,Safe
Safe_Single,verified_rust_file_964.rs,Single File,Safe,Safe,Safe,Safe
Safe_Single,verified_rust_file_965.rs,Single File,Safe,Safe,Safe,Safe
Safe_Single,verified_rust_file_966.rs,Single File,Safe,Safe,Safe,Safe
Safe_Single,verified_rust_file_967.rs,Single File,Safe,Safe,Safe,Safe
Safe_Single,verified_rust_file_968.rs,Single File,Safe,Safe,Safe,Safe
Safe_Single,verified_rust_file_969.rs,Single File,Safe,Safe,Safe,Safe
Safe_Single,verified_rust_file_970.rs,Single File,Safe,Safe,Safe,Safe
Safe_Single,verified_rust_file_971.rs,Single File,Safe,Safe,Safe,Safe
Safe_Single,verified_rust_file_972.rs,Single File,Safe,Safe,Safe,Safe
Safe_Single,verified_rust_file_973.rs,Single File,Safe,Safe,Safe,Safe
Safe_Single,verified_rust_file_974.rs,Single File,Safe,Safe,Safe,Safe
Safe_Single,verified_rust_file_975.rs,Single File,Safe,Safe,Safe,Safe
Safe_Single,verified_rust_file_976.rs,Single File,Safe,Safe,Safe,Safe
Safe_Single,verified_rust_file_977.rs,Single File,Safe,Safe,Safe,Safe
Safe_Single,verified_rust_file_978.rs,Single File,Safe,Safe,Safe,Safe
Safe_Single,verified_rust_file_979.rs,Single File,Safe,Safe,Safe,Safe
Safe_Single,verified_rust_file_980.rs,Single File,Safe,Safe,Safe,Safe
Safe_Single,verified_rust_file_981.rs,Single File,Safe,Safe,Safe,Safe
Safe_Single,verified_rust_file_982.rs,Single File,Safe,Safe,Safe,Safe
Safe_Single,verified_rust_file_983.rs,Single File,Safe,Safe,Safe,Safe
Safe_Single,verified_rust_file_984.rs,Single File,Safe,Safe,Safe,Safe
Safe_Single,verified_rust_file_985.rs,Single File,Safe,Safe,Safe,Safe
Safe_Single,verified_rust_file_986.rs,Single File,Safe,Safe,Safe,Safe
Safe_Single,verified_rust_file_987.rs,Single File,Safe,Safe,Safe,Safe
Safe_Single,verified_rust_file_988.rs,Single File,Safe,Safe,Safe,Safe
Safe_Single,verified_rust_file_989.rs,Single File,Safe,Safe,Safe,Safe
Safe_Single,verified_rust_file_990.rs,Single File,Safe,Safe,Safe,Safe
Safe_Single,verified_rust_file_991.rs,Single File,Safe,Safe,Safe,Safe
Safe_Single,verified_rust_file_992.rs,Single File,Safe,Safe,Safe,Safe
Safe_Single,verified_rust_file_993.rs,Single File,Safe,Safe,Safe,Safe
Safe_Single,verified_rust_file_994.rs,Single File,Safe,Safe,Safe,Safe
Safe_Single,verified_rust_file_995.rs,Single File,Safe,Safe,Safe,Safe
Vuln_Single,verified_rust_file_996.rs,Single File,Safe,Vulnerable,Safe,Vulnerable
Safe_Single,verified_rust_file_997.rs,Single File,Safe,Safe,Safe,Safe
Vuln_Single,verified_rust_file_998.rs,Single File,Safe,Vulnerable,Safe,Vulnerable
Safe_Single,verified_rust_file_999.rs,Single File,Safe,Safe,Safe,Safe
Safe_Single,verified_rust_file_1000.rs,Single File,Safe,Safe,Safe,Safe
Safe_Single,verified_rust_file_1001.rs,Single File,Safe,Safe,Safe,Safe
Vuln_Single,verified_rust_file_1002.rs,Single File,Safe,Vulnerable,Safe,Vulnerable
Safe_Single,verified_rust_file_1003.rs,Single File,Safe,Safe,Safe,Safe
Vuln_Single,verified_rust_file_1004.rs,Single File,Safe,Vulnerable,Safe,Vulnerable
Safe_Single,verified_rust_file_1005.rs,Single File,Safe,Safe,Safe,Safe
Safe_Single,verified_rust_file_1006.rs,Single File,Safe,Safe,Safe,Safe
Safe_Single,verified_rust_file_1007.rs,Single File,Safe,Safe,Safe,Safe
Vuln_Single,verified_rust_file_1008.rs,Single File,Safe,Vulnerable,Safe,Vulnerable
Safe_Single,verified_rust_file_1009.rs,Single File,Safe,Safe,Safe,Safe
Vuln_Single,verified_rust_file_1010.rs,Single File,Safe,Vulnerable,Safe,Vulnerable
Vuln_Single,verified_rust_file_1011.rs,Single File,Safe,Vulnerable,Safe,Vulnerable
Safe_Single,verified_rust_file_1012.rs,Single File,Safe,Safe,Safe,Safe
Safe_Single,verified_rust_file_1013.rs,Single File,Safe,Safe,Safe,Safe
Vuln_Single,verified_rust_file_1014.rs,Single File,Safe,Vulnerable,Safe,Vulnerable
Safe_Single,verified_rust_file_1015.rs,Single File,Safe,Safe,Safe,Safe
Safe_Single,verified_rust_file_1016.rs,Single File,Safe,Safe,Safe,Safe
Safe_Single,verified_rust_file_1017.rs,Single File,Safe,Safe,Safe,Safe
Safe_Single,verified_rust_file_1018.rs,Single File,Safe,Safe,Safe,Safe
Safe_Single,verified_rust_file_1019.rs,Single File,Safe,Safe,Safe,Safe
Safe_Single,verified_rust_file_1020.rs,Single File,Safe,Safe,Safe,Safe
Safe_Single,verified_rust_file_1021.rs,Single File,Safe,Safe,Safe,Safe
Safe_Single,verified_rust_file_1022.rs,Single File,Safe,Safe,Safe,Safe
Safe_Single,verified_rust_file_1023.rs,Single File,Safe,Safe,Safe,Safe
Safe_Single,verified_rust_file_1024.rs,Single File,Safe,Safe,Safe,Safe
Vuln_Single,verified_rust_file_1025.rs,Single File,Safe,Vulnerable,Safe,Vulnerable
Vuln_Single,verified_rust_file_1026.rs,Single File,Safe,Vulnerable,Safe,Vulnerable
Safe_Single,verified_rust_file_1027.rs,Single File,Safe,Safe,Safe,Safe
Vuln_Single,verified_rust_file_1028.rs,Single File,Safe,Vulnerable,Safe,Vulnerable
Vuln_Single,verified_rust_file_1029.rs,Single File,Safe,Vulnerable,Safe,Vulnerable
Safe_Single,verified_rust_file_1030.rs,Single File,Safe,Safe,Safe,Safe
Safe_Single,verified_rust_file_1031.rs,Single File,Safe,Safe,Safe,Safe
Safe_Single,verified_rust_file_1032.rs,Single File,Safe,Safe,Safe,Safe
Vuln_Single,verified_rust_file_1033.rs,Single File,Safe,Vulnerable,Safe,Vulnerable
Safe_Single,verified_rust_file_1034.rs,Single File,Safe,Safe,Safe,Safe
Safe_Single,verified_rust_file_1035.rs,Single File,Safe,Safe,Safe,Safe
Safe_Single,verified_rust_file_1036.rs,Single File,Safe,Safe,Safe,Safe
Safe_Single,verified_rust_file_1037.rs,Single File,Safe,Safe,Safe,Safe
Safe_Single,verified_rust_file_1038.rs,Single File,Safe,Safe,Safe,Safe
Safe_Single,verified_rust_file_1039.rs,Single File,Safe,Safe,Safe,Safe
Safe_Single,verified_rust_file_1040.rs,Single File,Safe,Safe,Safe,Safe
Safe_Single,verified_rust_file_1041.rs,Single File,Safe,Safe,Safe,Safe
Safe_Single,verified_rust_file_1042.rs,Single File,Safe,Safe,Safe,Safe
Vuln_Single,verified_rust_file_1043.rs,Single File,Safe,Vulnerable,Safe,Vulnerable
Safe_Single,verified_rust_file_1044.rs,Single File,Safe,Safe,Safe,Safe
Safe_Single,verified_rust_file_1045.rs,Single File,Safe,Safe,Safe,Safe
Safe_Single,verified_rust_file_1046.rs,Single File,Safe,Safe,Safe,Safe
Safe_Single,verified_rust_file_1047.rs,Single File,Safe,Safe,Safe,Safe
Safe_Single,verified_rust_file_1048.rs,Single File,Safe,Safe,Safe,Safe
Safe_Single,verified_rust_file_1049.rs,Single File,Safe,Safe,Safe,Safe
Vuln_Single,verified_rust_file_1050.rs,Single File,Safe,Vulnerable,Safe,Vulnerable
Safe_Single,verified_rust_file_1051.rs,Single File,Safe,Safe,Safe,Safe
Vuln_Single,verified_rust_file_1052.rs,Single File,Safe,Vulnerable,Safe,Vulnerable
Safe_Single,verified_rust_file_1053.rs,Single File,Safe,Safe,Safe,Safe
Safe_Single,verified_rust_file_1054.rs,Single File,Safe,Safe,Safe,Safe
Vuln_Single,verified_rust_file_1055.rs,Single File,Safe,Vulnerable,Safe,Vulnerable
Safe_Single,verified_rust_file_1056.rs,Single File,Safe,Safe,Safe,Safe
Safe_Single,verified_rust_file_1057.rs,Single File,Safe,Safe,Safe,Safe
Safe_Single,verified_rust_file_1058.rs,Single File,Safe,Safe,Safe,Safe
Vuln_Single,verified_rust_file_1059.rs,Single File,Safe,Vulnerable,Safe,Vulnerable
Vuln_Single,verified_rust_file_1060.rs,Single File,Safe,Vulnerable,Safe,Vulnerable
Safe_Single,verified_rust_file_1061.rs,Single File,Safe,Safe,Safe,Safe
Safe_Single,verified_rust_file_1062.rs,Single File,Safe,Safe,Safe,Safe
Vuln_Single,verified_rust_file_1063.rs,Single File,Safe,Vulnerable,Safe,Vulnerable
Safe_Single,verified_rust_file_1064.rs,Single File,Safe,Safe,Safe,Safe
Safe_Single,verified_rust_file_1065.rs,Single File,Safe,Safe,Safe,Safe
Safe_Single,verified_rust_file_1066.rs,Single File,Safe,Safe,Safe,Safe
Safe_Single,verified_rust_file_1067.rs,Single File,Safe,Safe,Safe,Safe
Safe_Single,verified_rust_file_1068.rs,Single File,Safe,Safe,Safe,Safe
Safe_Single,verified_rust_file_1069.rs,Single File,Safe,Safe,Safe,Safe
Safe_Single,verified_rust_file_1070.rs,Single File,Safe,Safe,Safe,Safe
Safe_Single,verified_rust_file_1071.rs,Single File,Safe,Safe,Safe,Safe
Safe_Single,verified_rust_file_1072.rs,Single File,Safe,Safe,Safe,Safe
Vuln_Single,verified_rust_file_1073.rs,Single File,Safe,Vulnerable,Safe,Vulnerable
Safe_Single,verified_rust_file_1074.rs,Single File,Safe,Safe,Safe,Safe
Safe_Single,verified_rust_file_1075.rs,Single File,Safe,Safe,Safe,Safe
Safe_Single,verified_rust_file_1076.rs,Single File,Safe,Safe,Safe,Safe
Safe_Single,verified_rust_file_1077.rs,Single File,Safe,Safe,Safe,Safe
Safe_Single,verified_rust_file_1078.rs,Single File,Safe,Safe,Safe,Safe
Safe_Single,verified_rust_file_1079.rs,Single File,Safe,Safe,Safe,Safe
Safe_Single,verified_rust_file_1080.rs,Single File,Safe,Safe,Safe,Safe
Vuln_Single,verified_rust_file_1081.rs,Single File,Safe,Vulnerable,Safe,Vulnerable
Vuln_Single,verified_rust_file_1082.rs,Single File,Safe,Vulnerable,Safe,Vulnerable
Vuln_Single,verified_rust_file_1083.rs,Single File,Safe,Vulnerable,Safe,Vulnerable
Safe_Single,verified_rust_file_1084.rs,Single File,Safe,Safe,Safe,Safe
Safe_Single,verified_rust_file_1085.rs,Single File,Safe,Safe,Safe,Safe
Safe_Single,verified_rust_file_1086.rs,Single File,Safe,Safe,Safe,Safe
Safe_Single,verified_rust_file_1087.rs,Single File,Safe,Safe,Safe,Safe
Safe_Single,verified_rust_file_1088.rs,Single File,Safe,Safe,Safe,Safe
Safe_Single,verified_rust_file_1089.rs,Single File,Safe,Safe,Safe,Safe
Safe_Single,verified_rust_file_1090.rs,Single File,Safe,Safe,Safe,Safe
Safe_Single,verified_rust_file_1091.rs,Single File,Safe,Safe,Safe,Safe
Safe_Single,verified_rust_file_1092.rs,Single File,Safe,Safe,Safe,Safe
Safe_Single,verified_rust_file_1093.rs,Single File,Safe,Safe,Safe,Safe
Safe_Single,verified_rust_file_1094.rs,Single File,Safe,Safe,Safe,Safe
Safe_Single,verified_rust_file_1095.rs,Single File,Safe,Safe,Safe,Safe
Safe_Single,verified_rust_file_1096.rs,Single File,Safe,Safe,Safe,Safe
Safe_Single,verified_rust_file_1097.rs,Single File,Safe,Safe,Safe,Safe
Safe_Single,verified_rust_file_1098.rs,Single File,Safe,Safe,Safe,Safe
Vuln_Single,verified_rust_file_1099.rs,Single File,Safe,Vulnerable,Safe,Vulnerable
Safe_Single,verified_rust_file_1100.rs,Single File,Safe,Safe,Safe,Safe
Safe_Single,verified_rust_file_1101.rs,Single File,Safe,Safe,Safe,Safe
Safe_Single,verified_rust_file_1102.rs,Single File,Safe,Safe,Safe,Safe
Vuln_Single,verified_rust_file_1103.rs,Single File,Safe,Vulnerable,Safe,Vulnerable
Safe_Single,verified_rust_file_1104.rs,Single File,Safe,Safe,Safe,Safe
Safe_Single,verified_rust_file_1105.rs,Single File,Safe,Safe,Safe,Safe
Safe_Single,verified_rust_file_1106.rs,Single File,Safe,Safe,Safe,Safe
Safe_Single,verified_rust_file_1107.rs,Single File,Safe,Safe,Safe,Safe
Safe_Single,verified_rust_file_1108.rs,Single File,Safe,Safe,Safe,Safe
Safe_Single,verified_rust_file_1109.rs,Single File,Safe,Safe,Safe,Safe
Safe_Single,verified_rust_file_1110.rs,Single File,Safe,Safe,Safe,Safe
Safe_Single,verified_rust_file_1111.rs,Single File,Safe,Safe,Safe,Safe
Safe_Single,verified_rust_file_1112.rs,Single File,Safe,Safe,Safe,Safe
Safe_Single,verified_rust_file_1113.rs,Single File,Safe,Safe,Safe,Safe
Safe_Single,verified_rust_file_1114.rs,Single File,Safe,Safe,Safe,Safe
Safe_Single,verified_rust_file_1115.rs,Single File,Safe,Safe,Safe,Safe
Vuln_Single,verified_rust_file_1116.rs,Single File,Safe,Vulnerable,Safe,Vulnerable
Safe_Single,verified_rust_file_1117.rs,Single File,Safe,Safe,Safe,Safe
Safe_Single,verified_rust_file_1118.rs,Single File,Safe,Safe,Safe,Safe
Safe_Single,verified_rust_file_1119.rs,Single File,Safe,Safe,Safe,Safe
Safe_Single,verified_rust_file_1120.rs,Single File,Safe,Safe,Safe,Safe
Safe_Single,verified_rust_file_1121.rs,Single File,Safe,Safe,Safe,Safe
Safe_Single,verified_rust_file_1122.rs,Single File,Safe,Safe,Safe,Safe
Safe_Single,verified_rust_file_1123.rs,Single File,Safe,Safe,Safe,Safe
Vuln_Single,verified_rust_file_1124.rs,Single File,Safe,Vulnerable,Safe,Vulnerable
Safe_Single,verified_rust_file_1125.rs,Single File,Safe,Safe,Safe,Safe
Safe_Single,verified_rust_file_1126.rs,Single File,Safe,Safe,Safe,Safe
Safe_Single,verified_rust_file_1127.rs,Single File,Safe,Safe,Safe,Safe
Safe_Single,verified_rust_file_1128.rs,Single File,Safe,Safe,Safe,Safe
Safe_Single,verified_rust_file_1129.rs,Single File,Safe,Safe,Safe,Safe
Safe_Single,verified_rust_file_1130.rs,Single File,Safe,Safe,Safe,Safe
Vuln_Single,verified_rust_file_1131.rs,Single File,Safe,Vulnerable,Safe,Vulnerable
Safe_Single,verified_rust_file_1132.rs,Single File,Safe,Safe,Safe,Safe
Safe_Single,verified_rust_file_1133.rs,Single File,Safe,Safe,Safe,Safe
Vuln_Single,verified_rust_file_1134.rs,Single File,Safe,Vulnerable,Safe,Vulnerable
Safe_Single,verified_rust_file_1135.rs,Single File,Safe,Safe,Safe,Safe
Safe_Single,verified_rust_file_1136.rs,Single File,Safe,Safe,Safe,Safe
Safe_Single,verified_rust_file_1137.rs,Single File,Safe,Safe,Safe,Safe
Safe_Single,verified_rust_file_1138.rs,Single File,Safe,Safe,Safe,Safe
Safe_Single,verified_rust_file_1139.rs,Single File,Safe,Safe,Safe,Safe
Safe_Single,verified_rust_file_1140.rs,Single File,Safe,Safe,Safe,Safe
Vuln_Single,verified_rust_file_1141.rs,Single File,Safe,Vulnerable,Safe,Vulnerable
Safe_Single,verified_rust_file_1142.rs,Single File,Safe,Safe,Safe,Safe
Safe_Single,verified_rust_file_1143.rs,Single File,Safe,Safe,Safe,Safe
Safe_Single,verified_rust_file_1144.rs,Single File,Safe,Safe,Safe,Safe
Safe_Single,verified_rust_file_1145.rs,Single File,Safe,Safe,Safe,Safe
Safe_Single,verified_rust_file_1146.rs,Single File,Safe,Safe,Safe,Safe
Safe_Single,verified_rust_file_1147.rs,Single File,Safe,Safe,Safe,Safe
Safe_Single,verified_rust_file_1148.rs,Single File,Safe,Safe,Safe,Safe
Vuln_Single,verified_rust_file_1149.rs,Single File,Safe,Vulnerable,Safe,Vulnerable
Safe_Single,verified_rust_file_1150.rs,Single File,Safe,Safe,Safe,Safe
Safe_Single,verified_rust_file_1151.rs,Single File,Safe,Safe,Safe,Safe
Safe_Single,verified_rust_file_1152.rs,Single File,Safe,Safe,Safe,Safe
Vuln_Single,verified_rust_file_1153.rs,Single File,Safe,Vulnerable,Safe,Vulnerable
Safe_Single,verified_rust_file_1154.rs,Single File,Safe,Safe,Safe,Safe
Safe_Single,verified_rust_file_1155.rs,Single File,Safe,Safe,Safe,Safe
Vuln_Single,verified_rust_file_1156.rs,Single File,Safe,Vulnerable,Safe,Vulnerable
Safe_Single,verified_rust_file_1157.rs,Single File,Safe,Safe,Safe,Safe
Safe_Single,verified_rust_file_1158.rs,Single File,Safe,Safe,Safe,Safe
Safe_Single,verified_rust_file_1159.rs,Single File,Safe,Safe,Safe,Safe
Vuln_Single,verified_rust_file_1160.rs,Single File,Safe,Vulnerable,Safe,Vulnerable
Vuln_Single,verified_rust_file_1161.rs,Single File,Safe,Vulnerable,Safe,Vulnerable
Safe_Single,verified_rust_file_1162.rs,Single File,Safe,Safe,Safe,Safe
Safe_Single,verified_rust_file_1163.rs,Single File,Safe,Safe,Safe,Safe
Safe_Single,verified_rust_file_1164.rs,Single File,Safe,Safe,Safe,Safe
Safe_Single,verified_rust_file_1165.rs,Single File,Safe,Safe,Safe,Safe
Safe_Single,verified_rust_file_1166.rs,Single File,Safe,Safe,Safe,Safe
Safe_Single,verified_rust_file_1167.rs,Single File,Safe,Safe,Safe,Safe
Vuln_Single,verified_rust_file_1168.rs,Single File,Safe,Vulnerable,Safe,Vulnerable
Safe_Single,verified_rust_file_1169.rs,Single File,Safe,Safe,Safe,Safe
Safe_Single,verified_rust_file_1170.rs,Single File,Safe,Safe,Safe,Safe
Safe_Single,verified_rust_file_1171.rs,Single File,Safe,Safe,Safe,Safe
Safe_Single,verified_rust_file_1172.rs,Single File,Safe,Safe,Safe,Safe
Safe_Single,verified_rust_file_1173.rs,Single File,Safe,Safe,Safe,Safe
Safe_Single,verified_rust_file_1174.rs,Single File,Safe,Safe,Safe,Safe
Vuln_Single,verified_rust_file_1175.rs,Single File,Safe,Vulnerable,Safe,Vulnerable
Safe_Single,verified_rust_file_1176.rs,Single File,Safe,Safe,Safe,Safe
Safe_Single,verified_rust_file_1177.rs,Single File,Safe,Safe,Safe,Safe
Safe_Single,verified_rust_file_1178.rs,Single File,Safe,Safe,Safe,Safe
Safe_Single,verified_rust_file_1179.rs,Single File,Safe,Safe,Safe,Safe
Vuln_Single,verified_rust_file_1180.rs,Single File,Safe,Vulnerable,Safe,Vulnerable
Safe_Single,verified_rust_file_1181.rs,Single File,Safe,Safe,Safe,Safe
Safe_Single,verified_rust_file_1182.rs,Single File,Safe,Safe,Safe,Safe
Vuln_Single,verified_rust_file_1183.rs,Single File,Safe,Vulnerable,Safe,Vulnerable
Safe_Single,verified_rust_file_1184.rs,Single File,Safe,Safe,Safe,Safe
Safe_Single,verified_rust_file_1185.rs,Single File,Safe,Safe,Safe,Safe
Safe_Single,verified_rust_file_1186.rs,Single File,Safe,Safe,Safe,Safe
Safe_Single,verified_rust_file_1187.rs,Single File,Safe,Safe,Safe,Safe
Safe_Single,verified_rust_file_1188.rs,Single File,Safe,Safe,Safe,Safe
Safe_Single,verified_rust_file_1189.rs,Single File,Safe,Safe,Safe,Safe
Safe_Single,verified_rust_file_1190.rs,Single File,Safe,Safe,Safe,Safe
Safe_Single,verified_rust_file_1191.rs,Single File,Safe,Safe,Safe,Safe
Safe_Single,verified_rust_file_1192.rs,Single File,Safe,Safe,Safe,Safe
Safe_Single,verified_rust_file_1193.rs,Single File,Safe,Safe,Safe,Safe
Safe_Single,verified_rust_file_1194.rs,Single File,Safe,Safe,Safe,Safe
Safe_Single,verified_rust_file_1195.rs,Single File,Safe,Safe,Safe,Safe
Safe_Single,verified_rust_file_1196.rs,Single File,Safe,Safe,Safe,Safe
Vuln_Single,verified_rust_file_1197.rs,Single File,Safe,Vulnerable,Safe,Vulnerable
Safe_Single,verified_rust_file_1198.rs,Single File,Safe,Safe,Safe,Safe
Vuln_Single,verified_rust_file_1199.rs,Single File,Safe,Vulnerable,Safe,Vulnerable
Safe_Single,verified_rust_file_1200.rs,Single File,Safe,Safe,Safe,Safe
Safe_Single,verified_rust_file_1201.rs,Single File,Safe,Safe,Safe,Safe
Safe_Single,verified_rust_file_1202.rs,Single File,Safe,Safe,Safe,Safe
Safe_Single,verified_rust_file_1203.rs,Single File,Safe,Safe,Safe,Safe
Safe_Single,verified_rust_file_1204.rs,Single File,Safe,Safe,Safe,Safe
Vuln_Single,verified_rust_file_1205.rs,Single File,Safe,Vulnerable,Safe,Vulnerable
Safe_Single,verified_rust_file_1206.rs,Single File,Safe,Safe,Safe,Safe
Safe_Single,verified_rust_file_1207.rs,Single File,Safe,Safe,Safe,Safe
Safe_Single,verified_rust_file_1208.rs,Single File,Safe,Safe,Safe,Safe
Safe_Single,verified_rust_file_1209.rs,Single File,Safe,Safe,Safe,Safe
Safe_Single,verified_rust_file_1210.rs,Single File,Safe,Safe,Safe,Safe
Safe_Single,verified_rust_file_1211.rs,Single File,Safe,Safe,Safe,Safe
Safe_Single,verified_rust_file_1212.rs,Single File,Safe,Safe,Safe,Safe
Safe_Single,verified_rust_file_1213.rs,Single File,Safe,Safe,Safe,Safe
Safe_Single,verified_rust_file_1214.rs,Single File,Safe,Safe,Safe,Safe
Safe_Single,verified_rust_file_1215.rs,Single File,Safe,Safe,Safe,Safe
Safe_Single,verified_rust_file_1216.rs,Single File,Safe,Safe,Safe,Safe
Safe_Single,verified_rust_file_1217.rs,Single File,Safe,Safe,Safe,Safe
Safe_Single,verified_rust_file_1218.rs,Single File,Safe,Safe,Safe,Safe
Safe_Single,verified_rust_file_1219.rs,Single File,Safe,Safe,Safe,Safe
Safe_Single,verified_rust_file_1220.rs,Single File,Safe,Safe,Safe,Safe
Safe_Single,verified_rust_file_1221.rs,Single File,Safe,Safe,Safe,Safe
Safe_Single,verified_rust_file_1222.rs,Single File,Safe,Safe,Safe,Safe
Safe_Single,verified_rust_file_1223.rs,Single File,Safe,Safe,Safe,Safe
Safe_Single,verified_rust_file_1224.rs,Single File,Safe,Safe,Safe,Safe
Safe_Single,verified_rust_file_1225.rs,Single File,Safe,Safe,Safe,Safe
Vuln_Single,verified_rust_file_1226.rs,Single File,Safe,Vulnerable,Safe,Vulnerable
Safe_Single,verified_rust_file_1227.rs,Single File,Safe,Safe,Safe,Safe
Vuln_Single,verified_rust_file_1228.rs,Single File,Safe,Vulnerable,Safe,Vulnerable
Vuln_Single,verified_rust_file_1229.rs,Single File,Safe,Vulnerable,Safe,Vulnerable
Vuln_Single,verified_rust_file_1230.rs,Single File,Safe,Vulnerable,Safe,Vulnerable
Safe_Single,verified_rust_file_1231.rs,Single File,Safe,Safe,Safe,Safe
Safe_Single,verified_rust_file_1232.rs,Single File,Safe,Safe,Safe,Safe
Safe_Single,verified_rust_file_1233.rs,Single File,Safe,Safe,Safe,Safe
Safe_Single,verified_rust_file_1234.rs,Single File,Safe,Safe,Safe,Safe
Safe_Single,verified_rust_file_1235.rs,Single File,Safe,Safe,Safe,Safe
Safe_Single,verified_rust_file_1236.rs,Single File,Safe,Safe,Safe,Safe
Vuln_Single,verified_rust_file_1237.rs,Single File,Safe,Vulnerable,Safe,Vulnerable
Vuln_Single,verified_rust_file_1238.rs,Single File,Safe,Vulnerable,Safe,Vulnerable
Vuln_Single,verified_rust_file_1239.rs,Single File,Safe,Vulnerable,Safe,Vulnerable
Safe_Single,verified_rust_file_1240.rs,Single File,Safe,Safe,Safe,Safe
Safe_Single,verified_rust_file_1241.rs,Single File,Safe,Safe,Safe,Safe
Safe_Single,verified_rust_file_1242.rs,Single File,Safe,Safe,Safe,Safe
Safe_Single,verified_rust_file_1243.rs,Single File,Safe,Safe,Safe,Safe
Safe_Single,verified_rust_file_1244.rs,Single File,Safe,Safe,Safe,Safe
Safe_Single,verified_rust_file_1245.rs,Single File,Safe,Safe,Safe,Safe
Safe_Single,verified_rust_file_1246.rs,Single File,Safe,Safe,Safe,Safe
Safe_Single,verified_rust_file_1247.rs,Single File,Safe,Safe,Safe,Safe
Safe_Single,verified_rust_file_1248.rs,Single File,Safe,Safe,Safe,Safe
Safe_Single,verified_rust_file_1249.rs,Single File,Safe,Safe,Safe,Safe
Safe_Single,verified_rust_file_1250.rs,Single File,Safe,Safe,Safe,Safe
Safe_Single,verified_rust_file_1251.rs,Single File,Safe,Safe,Safe,Safe
Safe_Single,verified_rust_file_1252.rs,Single File,Safe,Safe,Safe,Safe
Safe_Single,verified_rust_file_1253.rs,Single File,Safe,Safe,Safe,Safe
Safe_Single,verified_rust_file_1254.rs,Single File,Safe,Safe,Safe,Safe
Vuln_Single,verified_rust_file_1255.rs,Single File,Safe,Vulnerable,Safe,Vulnerable
Vuln_Single,verified_rust_file_1256.rs,Single File,Safe,Vulnerable,Safe,Vulnerable
Vuln_Single,verified_rust_file_1257.rs,Single File,Safe,Vulnerable,Safe,Vulnerable
Safe_Single,verified_rust_file_1258.rs,Single File,Safe,Safe,Safe,Safe
Safe_Single,verified_rust_file_1259.rs,Single File,Safe,Safe,Safe,Safe
Safe_Single,verified_rust_file_1260.rs,Single File,Safe,Safe,Safe,Safe
Vuln_Single,verified_rust_file_1261.rs,Single File,Safe,Vulnerable,Safe,Vulnerable
Vuln_Single,verified_rust_file_1262.rs,Single File,Safe,Vulnerable,Safe,Vulnerable
Vuln_Single,verified_rust_file_1263.rs,Single File,Safe,Vulnerable,Safe,Vulnerable
Vuln_Single,verified_rust_file_1264.rs,Single File,Safe,Vulnerable,Safe,Vulnerable
Safe_Single,verified_rust_file_1265.rs,Single File,Safe,Safe,Safe,Safe
Safe_Single,verified_rust_file_1266.rs,Single File,Safe,Safe,Safe,Safe
Safe_Single,verified_rust_file_1267.rs,Single File,Safe,Safe,Safe,Safe
Safe_Single,verified_rust_file_1268.rs,Single File,Safe,Safe,Safe,Safe
Safe_Single,verified_rust_file_1269.rs,Single File,Safe,Safe,Safe,Safe
Safe_Single,verified_rust_file_1270.rs,Single File,Safe,Safe,Safe,Safe
Safe_Single,verified_rust_file_1271.rs,Single File,Safe,Safe,Safe,Safe
Safe_Single,verified_rust_file_1272.rs,Single File,Safe,Safe,Safe,Safe
Safe_Single,verified_rust_file_1273.rs,Single File,Safe,Safe,Safe,Safe
Safe_Single,verified_rust_file_1274.rs,Single File,Safe,Safe,Safe,Safe
Safe_Single,verified_rust_file_1275.rs,Single File,Safe,Safe,Safe,Safe
Vuln_Single,verified_rust_file_1276.rs,Single File,Safe,Vulnerable,Safe,Vulnerable
Safe_Single,verified_rust_file_1277.rs,Single File,Safe,Safe,Safe,Safe
Safe_Single,verified_rust_file_1278.rs,Single File,Safe,Safe,Safe,Safe
Safe_Single,verified_rust_file_1279.rs,Single File,Safe,Safe,Safe,Safe
Safe_Single,verified_rust_file_1280.rs,Single File,Safe,Safe,Safe,Safe
Vuln_Single,verified_rust_file_1281.rs,Single File,Safe,Vulnerable,Safe,Vulnerable
Safe_Single,verified_rust_file_1282.rs,Single File,Safe,Safe,Safe,Safe
Safe_Single,verified_rust_file_1283.rs,Single File,Safe,Safe,Safe,Safe
Safe_Single,verified_rust_file_1284.rs,Single File,Safe,Safe,Safe,Safe
Safe_Single,verified_rust_file_1285.rs,Single File,Safe,Safe,Safe,Safe
Safe_Single,verified_rust_file_1286.rs,Single File,Safe,Safe,Safe,Safe
Safe_Single,verified_rust_file_1287.rs,Single File,Safe,Safe,Safe,Safe
Safe_Single,verified_rust_file_1288.rs,Single File,Safe,Safe,Safe,Safe
Safe_Single,verified_rust_file_1289.rs,Single File,Safe,Safe,Safe,Safe
Safe_Single,verified_rust_file_1290.rs,Single File,Safe,Safe,Safe,Safe
Safe_Single,verified_rust_file_1291.rs,Single File,Safe,Safe,Safe,Safe
Vuln_Single,verified_rust_file_1292.rs,Single File,Safe,Vulnerable,Safe,Vulnerable
Safe_Single,verified_rust_file_1293.rs,Single File,Safe,Safe,Safe,Safe
Safe_Single,verified_rust_file_1294.rs,Single File,Safe,Safe,Safe,Safe
Vuln_Single,verified_rust_file_1295.rs,Single File,Safe,Vulnerable,Safe,Vulnerable
Safe_Single,verified_rust_file_1296.rs,Single File,Safe,Safe,Safe,Safe
Vuln_Single,verified_rust_file_1297.rs,Single File,Safe,Vulnerable,Safe,Vulnerable
Safe_Single,verified_rust_file_1298.rs,Single File,Safe,Safe,Safe,Safe
Safe_Single,verified_rust_file_1299.rs,Single File,Safe,Safe,Safe,Safe
Vuln_Single,verified_rust_file_1300.rs,Single File,Safe,Vulnerable,Safe,Vulnerable
Safe_Single,verified_rust_file_1301.rs,Single File,Safe,Safe,Safe,Safe
Safe_Single,verified_rust_file_1302.rs,Single File,Safe,Safe,Safe,Safe
Safe_Single,verified_rust_file_1303.rs,Single File,Safe,Safe,Safe,Safe
Vuln_Single,verified_rust_file_1304.rs,Single File,Safe,Vulnerable,Safe,Vulnerable
Safe_Single,verified_rust_file_1305.rs,Single File,Safe,Safe,Safe,Safe
Safe_Single,verified_rust_file_1306.rs,Single File,Safe,Safe,Safe,Safe
Vuln_Single,verified_rust_file_1307.rs,Single File,Safe,Vulnerable,Safe,Vulnerable
Safe_Single,verified_rust_file_1308.rs,Single File,Safe,Safe,Safe,Safe
Safe_Single,verified_rust_file_1309.rs,Single File,Safe,Safe,Safe,Safe
Safe_Single,verified_rust_file_1310.rs,Single File,Safe,Safe,Safe,Safe
Safe_Single,verified_rust_file_1311.rs,Single File,Safe,Safe,Safe,Safe
Safe_Single,verified_rust_file_1312.rs,Single File,Safe,Safe,Safe,Safe
Safe_Single,verified_rust_file_1313.rs,Single File,Safe,Safe,Safe,Safe
Vuln_Single,verified_rust_file_1314.rs,Single File,Safe,Vulnerable,Safe,Vulnerable
Safe_Single,verified_rust_file_1315.rs,Single File,Safe,Safe,Safe,Safe
Safe_Single,verified_rust_file_1316.rs,Single File,Safe,Safe,Safe,Safe
Safe_Single,verified_rust_file_1317.rs,Single File,Safe,Safe,Safe,Safe
Safe_Single,verified_rust_file_1318.rs,Single File,Safe,Safe,Safe,Safe
Vuln_Single,verified_rust_file_1319.rs,Single File,Safe,Vulnerable,Safe,Vulnerable
Vuln_Single,verified_rust_file_1320.rs,Single File,Safe,Vulnerable,Safe,Vulnerable
Safe_Single,verified_rust_file_1321.rs,Single File,Safe,Safe,Safe,Safe
Safe_Single,verified_rust_file_1322.rs,Single File,Safe,Safe,Safe,Safe
Safe_Single,verified_rust_file_1323.rs,Single File,Safe,Safe,Safe,Safe
Safe_Single,verified_rust_file_1324.rs,Single File,Safe,Safe,Safe,Safe
Safe_Single,verified_rust_file_1325.rs,Single File,Safe,Safe,Safe,Safe
Vuln_Single,verified_rust_file_1326.rs,Single File,Safe,Vulnerable,Safe,Vulnerable
Safe_Single,verified_rust_file_1327.rs,Single File,Safe,Safe,Safe,Safe
Safe_Single,verified_rust_file_1328.rs,Single File,Safe,Safe,Safe,Safe
Safe_Single,verified_rust_file_1329.rs,Single File,Safe,Safe,Safe,Safe
Vuln_Single,verified_rust_file_1330.rs,Single File,Safe,Vulnerable,Safe,Vulnerable
Vuln_Single,verified_rust_file_1331.rs,Single File,Safe,Vulnerable,Safe,Vulnerable
Safe_Single,verified_rust_file_1332.rs,Single File,Safe,Safe,Safe,Safe
Vuln_Single,verified_rust_file_1333.rs,Single File,Safe,Vulnerable,Safe,Vulnerable
Safe_Single,verified_rust_file_1334.rs,Single File,Safe,Safe,Safe,Safe
Safe_Single,verified_rust_file_1335.rs,Single File,Safe,Safe,Safe,Safe
Safe_Single,verified_rust_file_1336.rs,Single File,Safe,Safe,Safe,Safe
Vuln_Single,verified_rust_file_1337.rs,Single File,Safe,Vulnerable,Safe,Vulnerable
Vuln_Single,verified_rust_file_1338.rs,Single File,Safe,Vulnerable,Safe,Vulnerable
Safe_Single,verified_rust_file_1339.rs,Single File,Safe,Safe,Safe,Safe
Safe_Single,verified_rust_file_1340.rs,Single File,Safe,Safe,Safe,Safe
Vuln_Single,verified_rust_file_1341.rs,Single File,Safe,Vulnerable,Safe,Vulnerable
Safe_Single,verified_rust_file_1342.rs,Single File,Safe,Safe,Safe,Safe
Safe_Single,verified_rust_file_1343.rs,Single File,Safe,Safe,Safe,Safe
Safe_Single,verified_rust_file_1344.rs,Single File,Safe,Safe,Safe,Safe
Safe_Single,verified_rust_file_1345.rs,Single File,Safe,Safe,Safe,Safe
Safe_Single,verified_rust_file_1346.rs,Single File,Safe,Safe,Safe,Safe
Safe_Single,verified_rust_file_1347.rs,Single File,Safe,Safe,Safe,Safe
Safe_Single,verified_rust_file_1348.rs,Single File,Safe,Safe,Safe,Safe
Safe_Single,verified_rust_file_1349.rs,Single File,Safe,Safe,Safe,Safe
Safe_Single,verified_rust_file_1350.rs,Single File,Safe,Safe,Safe,Safe
Safe_Single,verified_rust_file_1351.rs,Single File,Safe,Safe,Safe,Safe
Vuln_Single,verified_rust_file_1352.rs,Single File,Safe,Vulnerable,Safe,Vulnerable
Safe_Single,verified_rust_file_1353.rs,Single File,Safe,Safe,Safe,Safe
Safe_Single,verified_rust_file_1354.rs,Single File,Safe,Safe,Safe,Safe
Safe_Single,verified_rust_file_1355.rs,Single File,Safe,Safe,Safe,Safe
Safe_Single,verified_rust_file_1356.rs,Single File,Safe,Safe,Safe,Safe
Safe_Single,verified_rust_file_1357.rs,Single File,Safe,Safe,Safe,Safe
Safe_Single,verified_rust_file_1358.rs,Single File,Safe,Safe,Safe,Safe
Safe_Single,verified_rust_file_1359.rs,Single File,Safe,Safe,Safe,Safe
Safe_Single,verified_rust_file_1360.rs,Single File,Safe,Safe,Safe,Safe
Safe_Single,verified_rust_file_1361.rs,Single File,Safe,Safe,Safe,Safe
Safe_Single,verified_rust_file_1362.rs,Single File,Safe,Safe,Safe,Safe
Safe_Single,verified_rust_file_1363.rs,Single File,Safe,Safe,Safe,Safe
Safe_Single,verified_rust_file_1364.rs,Single File,Safe,Safe,Safe,Safe
Safe_Single,verified_rust_file_1365.rs,Single File,Safe,Safe,Safe,Safe
Vuln_Single,verified_rust_file_1366.rs,Single File,Safe,Vulnerable,Safe,Vulnerable
Safe_Single,verified_rust_file_1367.rs,Single File,Safe,Safe,Safe,Safe
Safe_Single,verified_rust_file_1368.rs,Single File,Safe,Safe,Safe,Safe
Safe_Single,verified_rust_file_1369.rs,Single File,Safe,Safe,Safe,Safe
Safe_Single,verified_rust_file_1370.rs,Single File,Safe,Safe,Safe,Safe
Safe_Single,verified_rust_file_1371.rs,Single File,Safe,Safe,Safe,Safe
Safe_Single,verified_rust_file_1372.rs,Single File,Safe,Safe,Safe,Safe
Safe_Single,verified_rust_file_1373.rs,Single File,Safe,Safe,Safe,Safe
Safe_Single,verified_rust_file_1374.rs,Single File,Safe,Safe,Safe,Safe
Safe_Single,verified_rust_file_1375.rs,Single File,Safe,Safe,Safe,Safe
Vuln_Single,verified_rust_file_1376.rs,Single File,Safe,Vulnerable,Safe,Vulnerable
Safe_Single,verified_rust_file_1377.rs,Single File,Safe,Safe,Safe,Safe
Safe_Single,verified_rust_file_1378.rs,Single File,Safe,Safe,Safe,Safe
Vuln_Single,verified_rust_file_1379.rs,Single File,Safe,Vulnerable,Safe,Vulnerable
Safe_Single,verified_rust_file_1380.rs,Single File,Safe,Safe,Safe,Safe
Safe_Single,verified_rust_file_1381.rs,Single File,Safe,Safe,Safe,Safe
Safe_Single,verified_rust_file_1382.rs,Single File,Safe,Safe,Safe,Safe
Safe_Single,verified_rust_file_1383.rs,Single File,Safe,Safe,Safe,Safe
Safe_Single,verified_rust_file_1384.rs,Single File,Safe,Safe,Safe,Safe
Safe_Single,verified_rust_file_1385.rs,Single File,Safe,Safe,Safe,Safe
Safe_Single,verified_rust_file_1386.rs,Single File,Safe,Safe,Safe,Safe
Safe_Single,verified_rust_file_1387.rs,Single File,Safe,Safe,Safe,Safe
Vuln_Single,verified_rust_file_1388.rs,Single File,Safe,Vulnerable,Safe,Vulnerable
Safe_Single,verified_rust_file_1389.rs,Single File,Safe,Safe,Safe,Safe
Vuln_Single,verified_rust_file_1390.rs,Single File,Safe,Vulnerable,Safe,Vulnerable
Safe_Single,verified_rust_file_1391.rs,Single File,Safe,Safe,Safe,Safe
Safe_Single,verified_rust_file_1392.rs,Single File,Safe,Safe,Safe,Safe
Safe_Single,verified_rust_file_1393.rs,Single File,Safe,Safe,Safe,Safe
Safe_Folder,verified_workspace_0,Folder,Safe,Safe,Safe,Safe
Safe_Folder,verified_workspace_1,Folder,Safe,Safe,Safe,Safe
Safe_Folder,verified_workspace_2,Folder,Safe,Safe,Safe,Safe
Safe_Folder,verified_workspace_3,Folder,Safe,Safe,Safe,Safe
Safe_Folder,verified_workspace_4,Folder,Safe,Safe,Safe,Safe
Safe_Folder,verified_workspace_5,Folder,Safe,Safe,Safe,Safe
Vuln_Folder,verified_workspace_6,Folder,Safe,Vulnerable,Safe,Vulnerable
Vuln_Folder,verified_workspace_7,Folder,Safe,Vulnerable,Safe,Vulnerable
Vuln_Folder,verified_workspace_8,Folder,Safe,Vulnerable,Safe,Vulnerable
Vuln_Folder,verified_workspace_9,Folder,Safe,Vulnerable,Safe,Vulnerable
Vuln_Folder,verified_workspace_10,Folder,Safe,Vulnerable,Safe,Vulnerable
Vuln_Folder,verified_workspace_11,Folder,Safe,Vulnerable,Safe,Vulnerable
