Split_Class,Sample_Identifier,True_AST_Nodes,True_AST_Edges,Weisfeiler_Lehman_Structural_Hash,Compilation_Status
Safe_Single,Sample_0,18,17,37073cf86ea3d25306e97b5652b3cbc3,PASS
Safe_Single,Sample_1,16,15,e536b67cae149969eff49ecf95a6effa,PASS
Safe_Single,Sample_2,13,12,f62382b344ab4afbaeb4d22eeb427814,PASS
Safe_Single,Sample_3,14,13,f3cf626aaed3b941a9af4deba172bdc0,PASS
Safe_Single,Sample_4,18,17,d3ec2a4fcfed51a1ca82e52d70a11594,PASS
Safe_Single,Sample_5,12,11,4f09c1b369f516d71492414ec6db2aea,PASS
Safe_Single,Sample_6,16,15,af1501ae52e7741d28bcb56008bff1a4,PASS
Safe_Single,Sample_7,14,13,0f1e8ac35edf619b755bcc48b3c69814,PASS
Safe_Single,Sample_8,18,17,4752eea6bc0973010a63610338c72178,PASS
Safe_Single,Sample_9,16,15,74d0160ec5c19086703e38f7ccae8bb9,PASS
Safe_Single,Sample_10,18,17,0d8efe927d9286733e919d02773457db,PASS
Safe_Single,Sample_11,15,14,7b634d77a5b38e438ea354b264cb9449,PASS
Safe_Single,Sample_12,17,16,6dbb81391353314f66fb397b473c7f8c,PASS
Safe_Single,Sample_13,16,15,dd3a8c45baf6fc5cb2b2b16fa3755e66,PASS
Safe_Single,Sample_14,19,18,51c75b7577c6d815916cb01be15ef384,PASS
Safe_Single,Sample_15,17,16,682982b8a2b63ae19249bafdee294d1a,PASS
Safe_Single,Sample_16,20,19,a3c7d2f9d26f3bd2ac051acb4a681697,PASS
Safe_Single,Sample_17,12,11,041d02bfc1f11df7efff0d04263f108a,PASS
Safe_Single,Sample_18,15,14,e37ac4bf6392e8b790b8ef78d705b789,PASS
Safe_Single,Sample_19,14,13,aee159922d5c963abb6610f7c7a9080d,PASS
Safe_Single,Sample_20,15,14,910986901af72ed9d5cf0cd398615af0,PASS
Safe_Single,Sample_21,15,14,3d860d8c36427eb2ef19d14cc8e40dce,PASS
Safe_Single,Sample_22,16,15,208e824da104115351b495d5bd974d89,PASS
Safe_Single,Sample_23,16,15,114fa26cbdfebde8f8955eb2e5857387,PASS
Safe_Single,Sample_24,17,16,7657a647c094fb27aab324057f270ffa,PASS
Safe_Single,Sample_25,14,13,f72f13f435eb3e8d2d145e9fe1a023ee,PASS
Safe_Single,Sample_26,18,17,1d4c79e041d1150963c7567efea72d92,PASS
Safe_Single,Sample_27,19,18,44b65ec5352207d484bc2e66b0d97125,PASS
Safe_Single,Sample_28,16,15,581309c64b765cd22978238764fdc826,PASS
Safe_Single,Sample_29,16,15,5115c62ebb705982974cdd56e65e44b7,PASS
Safe_Single,Sample_30,19,18,72f9e6027ed434b6f7c6e00079255518,PASS
Safe_Single,Sample_31,17,16,179f7ea7c158285cf4f9bc67f962a7aa,PASS
Safe_Single,Sample_32,19,18,c3e5fb34e9769c0588adf665971e79f6,PASS
Safe_Single,Sample_33,14,13,fe403a963e80b44dd8c0387994abac5f,PASS
Safe_Single,Sample_34,16,15,e58438927d896fa40dca1eec53db85f2,PASS
Safe_Single,Sample_35,20,19,f74ea709857f67b87fb942a449cb2b84,PASS
Safe_Single,Sample_36,13,12,94c0a99a6a4035c5ed11f8994eceac42,PASS
Safe_Single,Sample_37,20,19,490988efd702808c67a7ea35f641562f,PASS
Safe_Single,Sample_38,15,14,e56eec78049ec83f4f7d340e6d767cf1,PASS
Safe_Single,Sample_39,19,18,62f2d75b2cf8893993872152888eb308,PASS
Safe_Single,Sample_40,21,20,1fba4ed15bb757382993bf8021b391e4,PASS
Safe_Single,Sample_41,16,15,9765129c59ba3a21d20eb8a57d80dfa2,PASS
Safe_Single,Sample_42,19,18,87df971a55fee45d4258e06dc5e3cada,PASS
Safe_Single,Sample_43,17,16,3b0086e16af4e5ec7b2ffbe5856ae580,PASS
Safe_Single,Sample_44,18,17,3103fa09ec76339db79e63cd34c98081,PASS
Safe_Single,Sample_45,19,18,f2f0db1c8ad2b3048bf393e99c727936,PASS
Safe_Single,Sample_46,18,17,282d1b7a8a013b2ad786df8f934d1218,PASS
Safe_Single,Sample_47,17,16,cb962e82f726dbfeca040f710b8d721f,PASS
Safe_Single,Sample_48,16,15,9a5673b6a593eefb87bd7c086bfc31bc,PASS
Safe_Single,Sample_49,18,17,4c0adb2dfbbaa1285d2f2acd697f3337,PASS
Safe_Single,Sample_50,14,13,1ad1cad0986ede465790a219eb4ce215,PASS
Safe_Single,Sample_51,17,16,0ad38458dc4e0d7658bcdd28eb06fd03,PASS
Safe_Single,Sample_52,16,15,10c6bcc6f047c629007e399892e4dc41,PASS
Safe_Single,Sample_53,19,18,2555d8b120cb0bd6a1ad538eb843891f,PASS
Safe_Single,Sample_54,14,13,1fa60d4596a3d91280e6fe62d4fbf12e,PASS
Safe_Single,Sample_55,14,13,33e8ab059b1272ac1c44dbbe84099131,PASS
Safe_Single,Sample_56,14,13,8947810bd0bc76b7004dc9d318405bea,PASS
Safe_Single,Sample_57,16,15,76a7e6155b0691948ed25e9c8d7cc86f,PASS
Safe_Single,Sample_58,13,12,98258faf46edfb00d9d2b309c998201e,PASS
Safe_Single,Sample_59,17,16,0baf79a364e0c185d5ed733dfe71b5a8,PASS
Safe_Single,Sample_60,16,15,eedb559b16acb25b4c757acc508a0c07,PASS
Safe_Single,Sample_61,20,19,ede944146b024e9f52716da711c47a6f,PASS
Safe_Single,Sample_62,15,14,a2e4b4349a45e517876dbdc3c0087b5f,PASS
Safe_Single,Sample_63,14,13,29ccf53b94ab0d85bd3beafa0af1ef77,PASS
Safe_Single,Sample_64,15,14,e0a5d5796c3cfe2ff685f13bb6197ca7,PASS
Safe_Single,Sample_65,14,13,21840fd7cab8423707f1532861db00a3,PASS
Safe_Single,Sample_66,20,19,4be49075c37dafb672dbd9ab02f4dbf2,PASS
Safe_Single,Sample_67,18,17,08f7ac7af5fecc975860e73be01f9fc9,PASS
Safe_Single,Sample_68,18,17,8619fc18fa7b726edab704821919f3ad,PASS
Safe_Single,Sample_69,18,17,e7be488f1719fcd28d44c687038b9e36,PASS
Safe_Single,Sample_70,16,15,9cbbcfa46af316878bc181190e77ad74,PASS
Safe_Single,Sample_71,15,14,dc3aa6955b5de35f537bfe7087d75d2b,PASS
Safe_Single,Sample_72,17,16,08dc98d9efb0ae8fee9faeec2cc8a5bc,PASS
Safe_Single,Sample_73,17,16,15e036682a61f5144460ae7fc692c2bf,PASS
Safe_Single,Sample_74,19,18,c6741ccdc60dacf8d576224cea3b71f7,PASS
Safe_Single,Sample_75,14,13,565fe9fdf8a0b69831bdb785a498394b,PASS
Safe_Single,Sample_76,16,15,0588f535e357b8c754a9d8603144c2e7,PASS
Safe_Single,Sample_77,14,13,535b2a674baa36c53dee9df6902fb250,PASS
Safe_Single,Sample_78,14,13,c3e93f07dbfc7fe698c869288897e90d,PASS
Safe_Single,Sample_79,15,14,8be368c556262b1c25362be99455aea2,PASS
Safe_Single,Sample_80,12,11,370007961f8a2b5823f0c7945a123336,PASS
Safe_Single,Sample_81,19,18,bbb951f67de9bd888abc6a521a336c1a,PASS
Safe_Single,Sample_82,18,17,a179e95999b6b89d4b90bf0b7e375fb9,PASS
Safe_Single,Sample_83,15,14,ffa19695ce8046e6f122ba7acc360b2c,PASS
Safe_Single,Sample_84,20,19,dc67e873854645f367d964705f64cf97,PASS
Safe_Single,Sample_85,16,15,50c83c8ef5be894f6ce149edac9a5c63,PASS
Safe_Single,Sample_86,15,14,6840263c25cbc3704896040b807a6320,PASS
Safe_Single,Sample_87,21,20,0e9e2685b92f08555f8bff88c2b08d53,PASS
Safe_Single,Sample_88,21,20,822968f6cbbadd9a155169aa09b70816,PASS
Safe_Single,Sample_89,16,15,04e03d6ea7060d32b22a38f1acada00a,PASS
Safe_Single,Sample_90,19,18,f370e8a914267207f87c40da173a1ef7,PASS
Safe_Single,Sample_91,18,17,d8d147be2ac0ef3e54ff519404cb4663,PASS
Safe_Single,Sample_92,16,15,fcc31fbee235172e5353f2b7316fea5e,PASS
Safe_Single,Sample_93,20,19,377f6e529fd1ba14634a10f82a9b941e,PASS
Safe_Single,Sample_94,18,17,1729f1e5e9d3943c6f2f2794f42eaaa2,PASS
Safe_Single,Sample_95,14,13,87edb0a382f2e98de508fcb741dd0abc,PASS
Safe_Single,Sample_96,20,19,13f04353301b50e709c90973964d8ac9,PASS
Safe_Single,Sample_97,18,17,f14502abec22408026b9f6404745d866,PASS
Safe_Single,Sample_98,13,12,1ba5acf9b433da08ee6885c67bb6b2ce,PASS
Safe_Single,Sample_99,21,20,ad234e858acaef75625dc1fb2f96b1d6,PASS
Safe_Single,Sample_100,19,18,534720d6aeda9463d6a77e0159f3c741,PASS
Safe_Single,Sample_101,14,13,49147e99beede60ec8ab60e94853ff62,PASS
Safe_Single,Sample_102,16,15,4f424690fe3d541fbdcf54f95ec2c43c,PASS
Safe_Single,Sample_103,16,15,315b9417888467f4b0efad51466baef3,PASS
Safe_Single,Sample_104,16,15,53b305000f2628bd058f1630036a2461,PASS
Safe_Single,Sample_105,18,17,3821129f35cd4e254619d7051055cc50,PASS
Safe_Single,Sample_106,13,12,2c4d99360389a37afe292c27b3c61cc5,PASS
Safe_Single,Sample_107,18,17,ac45d67e1ae7fbda59c3d325b5c28c57,PASS
Safe_Single,Sample_108,17,16,2734fd7b0a953fe32ea4dc3270e17319,PASS
Safe_Single,Sample_109,14,13,7a5d16fec29dc110b76ec2bc51ed19f9,PASS
Safe_Single,Sample_110,20,19,7e701c87450e062930ebd9f739abdadd,PASS
Safe_Single,Sample_111,15,14,a32e15323e2fc75909b49d9249b26444,PASS
Safe_Single,Sample_112,21,20,069e5d12f9a0938394d288f9b65067c9,PASS
Safe_Single,Sample_113,17,16,4a149f5cfc5333c8447c631ed7ea1139,PASS
Safe_Single,Sample_114,16,15,a7f06a0a517ae1f637e88596fe557f72,PASS
Safe_Single,Sample_115,15,14,c82440e66fc7284c1af568c682950eb2,PASS
Safe_Single,Sample_116,19,18,44fafde6a51efc500801a44e00761840,PASS
Safe_Single,Sample_117,18,17,2d3598e723c13f1b03cf08a6182c8302,PASS
Safe_Single,Sample_118,18,17,3fa5c4e926f875a8139aeff6795b13f5,PASS
Safe_Single,Sample_119,18,17,c83b08efc9e78ca6f46212b0e85cfdcf,PASS
Safe_Single,Sample_120,13,12,fa0f56ca3509f3f63df232412923f696,PASS
Safe_Single,Sample_121,18,17,27724a08ebe812bb43d2a3330e88f578,PASS
Safe_Single,Sample_122,15,14,a523883f97a002de8188b13f218e7f33,PASS
Safe_Single,Sample_123,19,18,de68b43c16aa7f9388b9de3ffdf8f5b4,PASS
Safe_Single,Sample_124,18,17,26709d9ea920dafa51efb1490bc0ff40,PASS
Safe_Single,Sample_125,19,18,bc4719c3cb3a27386d97850c511a0059,PASS
Safe_Single,Sample_126,14,13,8d97d3e3184ee6e130643fc0fc9f4206,PASS
Safe_Single,Sample_127,15,14,6484f88c7e643cdc48882fc92031b994,PASS
Safe_Single,Sample_128,17,16,3187d8f20ec08a80ff61f07f5032c3fe,PASS
Safe_Single,Sample_129,20,19,45526e2658abe3e5580bee05c9706187,PASS
Safe_Single,Sample_130,20,19,dd1e92bd7f86f52fe130e957c2203e71,PASS
Safe_Single,Sample_131,17,16,12c7bb287dcd0cca8cb406d80752fadd,PASS
Safe_Single,Sample_132,14,13,018b8ac908b6c00238927d88158c21d9,PASS
Safe_Single,Sample_133,17,16,903bf3e87734663ba35d5e6e1fe6b750,PASS
Safe_Single,Sample_134,18,17,a6479a2c2992b17fc489ca0949f4bcae,PASS
Safe_Single,Sample_135,21,20,074bca9a73a8978919a88c960732b289,PASS
Safe_Single,Sample_136,15,14,5ebd66095a847a23ba9c6d3b163ba78a,PASS
Safe_Single,Sample_137,18,17,52b554f1d8395dabe2eabe5dc0889646,PASS
Safe_Single,Sample_138,15,14,cb78fead806e3546b4c2646d852e76cd,PASS
Safe_Single,Sample_139,17,16,57f5857aac96da07077e26c20e644dbd,PASS
Safe_Single,Sample_140,15,14,a37fb88af9edd7a89c9b4a3b3140c78c,PASS
Safe_Single,Sample_141,20,19,edb0dec60c2bcd712e0eda2072d92d07,PASS
Safe_Single,Sample_142,16,15,952df75206bba13db88a9eb6f96692b7,PASS
Safe_Single,Sample_143,19,18,3d625a1ec71e91a89fe44f28f93c27b9,PASS
Safe_Single,Sample_144,18,17,04104c05cab518b08935fa2e3a61a42d,PASS
Safe_Single,Sample_145,16,15,43615380c16ba14e5ef00772c81361a2,PASS
Safe_Single,Sample_146,20,19,8e163e549c204e4f9a5c94c96a436141,PASS
Safe_Single,Sample_147,14,13,baf523a5d58aa1f147229628e69bad0a,PASS
Safe_Single,Sample_148,19,18,2080e085574e59206159c1776d527e91,PASS
Safe_Single,Sample_149,19,18,d0a8247a901e688ddcdaa778a3ed0980,PASS
Safe_Single,Sample_150,18,17,a76a6972630a27f73a7c1d64564a4fdf,PASS
Safe_Single,Sample_151,16,15,4379c379c128debaea49b06e3dc7df1a,PASS
Safe_Single,Sample_152,13,12,b5bebe832c233dc089d2998f91ec8ca8,PASS
Safe_Single,Sample_153,16,15,053f18a3aa596f309bc1b93539e963d7,PASS
Safe_Single,Sample_154,16,15,0c92cc4c08fddb95626994f94e7fcf24,PASS
Safe_Single,Sample_155,15,14,6ed04352b0b4cc0cc88bbc8c01049e6a,PASS
Safe_Single,Sample_156,19,18,031c0126909808fb723f3b17d5a5d257,PASS
Safe_Single,Sample_157,13,12,6416a45731aed88638ea0e9d2ef707ce,PASS
Safe_Single,Sample_158,19,18,6a2438be3af611c704a0a9c829152157,PASS
Safe_Single,Sample_159,14,13,a354657a90f6b03cfaf078857fef898f,PASS
Safe_Single,Sample_160,16,15,4126500810ea2b950781aa3e3106339b,PASS
Safe_Single,Sample_161,17,16,e9297e067de78da45edc76ac9cd1c60d,PASS
Safe_Single,Sample_162,15,14,99e7387d82a71187da2beb598c1d96d9,PASS
Safe_Single,Sample_163,19,18,db71f60350b21447cf7aef77aadcdc83,PASS
Safe_Single,Sample_164,18,17,fa7e31dc6df35fbeb4cd055e9532fe18,PASS
Safe_Single,Sample_165,18,17,50139e123366fb16d1e0ecceceb38976,PASS
Safe_Single,Sample_166,14,13,4f34df72ba5a7d919ce24ef15daa8b7b,PASS
Safe_Single,Sample_167,20,19,48fa294fa884e4d2fdcc4dc4900f0a6e,PASS
Safe_Single,Sample_168,18,17,c154201dab4b430a24f35fd0a073f246,PASS
Safe_Single,Sample_169,14,13,d5d48b6c296f666df5a46babc5d5be04,PASS
Safe_Single,Sample_170,20,19,72d599b75dc356723dcbb4a6ad68c419,PASS
Safe_Single,Sample_171,18,17,c9e638534e7fd915146e9d0a76c8f534,PASS
Safe_Single,Sample_172,19,18,64e21a860ee0a33c228fd9ccf24a13f3,PASS
Safe_Single,Sample_173,12,11,cb948818136178d5a0a0c27c52bed281,PASS
Safe_Single,Sample_174,17,16,cb2942f4f76a4d978762addd0436e2ae,PASS
Safe_Single,Sample_175,18,17,34674845b3a393747d5a8cc3c550651b,PASS
Safe_Single,Sample_176,15,14,9b222d77d34c770914c1814c5b986667,PASS
Safe_Single,Sample_177,16,15,c1b0d0df47f19bac602a943d13a88f72,PASS
Safe_Single,Sample_178,18,17,9352cf92acb9a5f515785f0a770747aa,PASS
Safe_Single,Sample_179,14,13,c8075dd8c616d76fc6fe24d9fa42935d,PASS
Safe_Single,Sample_180,19,18,65683d1d37d328394765702587fd48b3,PASS
Safe_Single,Sample_181,14,13,1714b0a120315f20d4ddaf0c612fd126,PASS
Safe_Single,Sample_182,18,17,b195d519d24ef202ff282d133a599331,PASS
Safe_Single,Sample_183,20,19,99339f0c30dd71630bf15f9caf4966e6,PASS
Safe_Single,Sample_184,17,16,e4630521649f65639543ae562c2896a9,PASS
Safe_Single,Sample_185,14,13,482c1700c5468b7f83929e487f6feb46,PASS
Safe_Single,Sample_186,16,15,b0ac0df5d546d505c1bdbd86e2470abc,PASS
Safe_Single,Sample_187,19,18,67b3703f148a2279e0aa5894108bd221,PASS
Safe_Single,Sample_188,19,18,77d58c206b52ccf77dec89b087874fa1,PASS
Safe_Single,Sample_189,15,14,405568d376d9c9b45cb3772349eafe84,PASS
Safe_Single,Sample_190,15,14,8c93aa00af514b5557be9146610fb3d5,PASS
Safe_Single,Sample_191,17,16,32131719c92cba6610884d9f1bfcdc55,PASS
Safe_Single,Sample_192,18,17,9ac33d3d1a4b83845d8e2e85e6546a94,PASS
Safe_Single,Sample_193,14,13,9d5e9de41fc101ee69d53707c827c4bd,PASS
Safe_Single,Sample_194,18,17,f92efd09e0d241f129220eb9bf39e93e,PASS
Safe_Single,Sample_195,17,16,6dea94965286aca1eb402fe33e3215ce,PASS
Safe_Single,Sample_196,21,20,a51f51f5978e1e2eb0765fcf79fb290f,PASS
Safe_Single,Sample_197,12,11,dd79a8d08e71de6b21e0b1f275d88794,PASS
Safe_Single,Sample_198,19,18,5cc54c3b80df296f031a94a57de85e3f,PASS
Safe_Single,Sample_199,14,13,0d748e66a6f715cb780cf6c39b9489f6,PASS
Safe_Single,Sample_200,13,12,067a53f96ddb14458b8399e6b5224172,PASS
Safe_Single,Sample_201,15,14,32b387efbfcc6f1e64ffbc5284318df2,PASS
Safe_Single,Sample_202,16,15,39a3bc28acaba5281c8777fce0b24564,PASS
Safe_Single,Sample_203,17,16,b26ecc4e502a2ae41ce6132deac691b2,PASS
Safe_Single,Sample_204,19,18,35210eea21b7d5b6ea7ef89e1e6d1c38,PASS
Safe_Single,Sample_205,15,14,01e22f10905208a0148fbfa5ab8be77c,PASS
Safe_Single,Sample_206,16,15,166e9041379001de08e5a92e1fe18334,PASS
Safe_Single,Sample_207,16,15,41bce8a5ad6adcf205b33f6f1f0ef42e,PASS
Safe_Single,Sample_208,19,18,9a70b2e8637d668eaf4add938e87441e,PASS
Safe_Single,Sample_209,15,14,43651279e431baf8f8e4bb29cb8092db,PASS
Safe_Single,Sample_210,13,12,52f3460e7c81d4577862a2b6486e773f,PASS
Safe_Single,Sample_211,14,13,55ad5a4462ea136939d985b1af1dcabb,PASS
Safe_Single,Sample_212,12,11,25400ba724803d0d738e42bc33f926a8,PASS
Safe_Single,Sample_213,16,15,fd0bcfa9137ffcb014b2e1e53f0b0130,PASS
Safe_Single,Sample_214,19,18,ff102421d11f6832d49957058a87beef,PASS
Safe_Single,Sample_215,18,17,c3d873da0ff1a364a782d395dc5f4a4b,PASS
Safe_Single,Sample_216,14,13,d208bb0a4703634a73930b6964daad4a,PASS
Safe_Single,Sample_217,20,19,253e46e452497aa25101c236afac8cfd,PASS
Safe_Single,Sample_218,20,19,df200ed99a5046adefdabbdf83c354ab,PASS
Safe_Single,Sample_219,15,14,fbf6e94c1e7e32a33496baac8feac451,PASS
Safe_Single,Sample_220,21,20,4d0aa86f5fd2209bf843792ba0237457,PASS
Safe_Single,Sample_221,15,14,295b48fa6d3091930a14658d8faa9050,PASS
Safe_Single,Sample_222,15,14,6008645597b62aff06bbf4b22728e89c,PASS
Safe_Single,Sample_223,13,12,28519cce32b6dd619ee833cf2a937566,PASS
Safe_Single,Sample_224,14,13,20956c374e2c3022c41eb2fcd1a6d931,PASS
Safe_Single,Sample_225,16,15,32840c3bf96055b68ecaf84ff89f4813,PASS
Safe_Single,Sample_226,20,19,69b5e2d7674f46d263ed57dff65f9ad5,PASS
Safe_Single,Sample_227,13,12,98aab0abe7ec84fb68577757be2f0667,PASS
Safe_Single,Sample_228,13,12,c135f5b2fe1fadecf6b601c54f5f7f1b,PASS
Safe_Single,Sample_229,19,18,a555cf7dd79f9ad8f8dae3c327f9b15e,PASS
Safe_Single,Sample_230,15,14,6d50903fd380f071de77ca474804a828,PASS
Safe_Single,Sample_231,16,15,97d515423a7f3de4571e26f378e07f36,PASS
Safe_Single,Sample_232,20,19,e0c05cdab8822eddcd6a20f7ec7e4dbb,PASS
Safe_Single,Sample_233,16,15,129a41547e06db445710c2c6a05bf7ff,PASS
Safe_Single,Sample_234,16,15,93a482586e30cc81de57ad3842fc9628,PASS
Safe_Single,Sample_235,14,13,431640de68babd54dff0c0a8fde4cf49,PASS
Safe_Single,Sample_236,14,13,06ceb7da1d30c1abc534aff22455f32e,PASS
Safe_Single,Sample_237,16,15,1062c7d9bed977e865d8736409569761,PASS
Safe_Single,Sample_238,18,17,70fac60e543ff59c2d92c4a4c4051380,PASS
Safe_Single,Sample_239,18,17,1dd0cf2c301c050393e9a5fe46a3b1a2,PASS
Safe_Single,Sample_240,17,16,9cecbcb7e997345e618e8d742abc8440,PASS
Safe_Single,Sample_241,17,16,eb9a070825a7b7138196a24e1ef1b940,PASS
Safe_Single,Sample_242,20,19,af5f70258d4b55ad4baf8a09c8195d35,PASS
Safe_Single,Sample_243,16,15,abe36c0b210d127bf561566c6a2c0fce,PASS
Safe_Single,Sample_244,19,18,7218e240d49b6aec511d7bf6db56cff3,PASS
Safe_Single,Sample_245,13,12,aef6efc70009eff2827e04ee12c1613c,PASS
Safe_Single,Sample_246,20,19,85cdea5206c133ea5933e2808a73275e,PASS
Safe_Single,Sample_247,16,15,837d2c328e72fb80a7c0cc61d34d56ed,PASS
Safe_Single,Sample_248,14,13,110f971c2799a0e291f32ec9617b1a81,PASS
Safe_Single,Sample_249,19,18,e9594cd9b4165b85e0b6d97c4941e3cf,PASS
Safe_Single,Sample_250,19,18,a3f330f5af742d69a586155bdbcee9f6,PASS
Safe_Single,Sample_251,19,18,4af6df749e72b4fed813c3c71e6472b6,PASS
Safe_Single,Sample_252,13,12,85e80a96b8bdd936c06077085431203c,PASS
Safe_Single,Sample_253,15,14,ac9388f976f945d86d6ed53ec294a586,PASS
Safe_Single,Sample_254,14,13,7258f26ccbb05651bbdbec6155a813b3,PASS
Safe_Single,Sample_255,14,13,505b35bffbea29ea927b4099deb90c8f,PASS
Safe_Single,Sample_256,15,14,1072dc0e6747c50218ca53b67fcec6e6,PASS
Safe_Single,Sample_257,14,13,70fd4c10c9585ab96322c95eefaa5878,PASS
Safe_Single,Sample_258,17,16,31e67a7e6de9b60d4b56a464936edc49,PASS
Safe_Single,Sample_259,12,11,5c3947b446c4d6867d9dd0081f782548,PASS
Safe_Single,Sample_260,17,16,229e9e3d0cd7c26335941e9cab2ed72d,PASS
Safe_Single,Sample_261,19,18,e97ff279bd4f7599e674799761ffdbd5,PASS
Safe_Single,Sample_262,13,12,78eb772b27fdee9ce0ff8de416703675,PASS
Safe_Single,Sample_263,20,19,419bd5e71691389d36a4c71fb51705d1,PASS
Safe_Single,Sample_264,19,18,a8481dcb5d379968d373083c306cd723,PASS
Safe_Single,Sample_265,15,14,01a22a187716b7278b6740aaa4455515,PASS
Safe_Single,Sample_266,14,13,4b90378c50ab7aef1426fe5e2f785f72,PASS
Safe_Single,Sample_267,20,19,19ccd6c129c90b6789fd5e7d5fbc64c4,PASS
Safe_Single,Sample_268,21,20,9c2a73f3f3069e1f977cdd2fb7200d19,PASS
Safe_Single,Sample_269,16,15,04757e5ca19f7554e30197e21d9d88a2,PASS
Safe_Single,Sample_270,15,14,eb38114df2cf2651714f4fcb046bf392,PASS
Safe_Single,Sample_271,19,18,fe7d456e19d99536856eb4cddf5bcb54,PASS
Safe_Single,Sample_272,12,11,16e3bd226f08fee0a6b4b7b9b80be95c,PASS
Safe_Single,Sample_273,16,15,29cfb4ae4cfbf5a293d0809cdd85f92e,PASS
Safe_Single,Sample_274,19,18,8a4b9505785aec56463c49cd1ec7e5e0,PASS
Safe_Single,Sample_275,17,16,73c2c8bba9625b4f57da1a2c3d31fd55,PASS
Safe_Single,Sample_276,14,13,56b71b15e8b0d0a966cc306b21f4093b,PASS
Safe_Single,Sample_277,13,12,793a2ce01c32f37f045bd0b309c5afcb,PASS
Safe_Single,Sample_278,16,15,6382cdf74c0f493406735ff9d4ac5a95,PASS
Safe_Single,Sample_279,20,19,b3203c4131bf472baa6090fdc1c2edd6,PASS
Safe_Single,Sample_280,16,15,20ed51feb06d7fe7247700b1c57c1e57,PASS
Safe_Single,Sample_281,15,14,d16562aadd86b014902c8acca020d3a8,PASS
Safe_Single,Sample_282,18,17,74f535803ed1698b9eff5da23b4512b0,PASS
Safe_Single,Sample_283,19,18,1ae5f8b4bc1b7d6ef169169403f145fb,PASS
Safe_Single,Sample_284,16,15,f2d06a650a67bbdd9cb33022e5821da7,PASS
Safe_Single,Sample_285,15,14,bf32454626e40f127e31b7a0d0641888,PASS
Safe_Single,Sample_286,17,16,dc05e0961ba5826bdfcfcb2b04d3bfce,PASS
Safe_Single,Sample_287,19,18,32627dc8334058eb1d5e13ba6ec1dd7b,PASS
Safe_Single,Sample_288,19,18,f1800396833b4211274277b056bd8c6e,PASS
Safe_Single,Sample_289,13,12,3d120fc8a20063f2808251fe3a6df099,PASS
Safe_Single,Sample_290,15,14,c432ba845313e45bffc829e10e374f01,PASS
Safe_Single,Sample_291,16,15,51dd7a390e36d25a1ce38057024e1ba7,PASS
Safe_Single,Sample_292,17,16,6204be16c17332cfe2bfc3c3d473721f,PASS
Safe_Single,Sample_293,15,14,9880a23fe25dbc84b33ecce4b3ac1aae,PASS
Safe_Single,Sample_294,14,13,684f5c4fcd282c0c2765301dc67dd32c,PASS
Safe_Single,Sample_295,17,16,71a7dfc2f5c59e1b5081e86ff79305e5,PASS
Safe_Single,Sample_296,14,13,95ad3514702ded433a2ef7a719ee55b0,PASS
Safe_Single,Sample_297,20,19,0948191db077493a0f4c5192c6e9ac56,PASS
Safe_Single,Sample_298,16,15,7d64c7d0d14bea1e0830d956646b940e,PASS
Safe_Single,Sample_299,16,15,107f11e324dfeb8931a4827b66307562,PASS
Safe_Single,Sample_300,17,16,a6c12f268881bbe0e82c4da2e6767041,PASS
Safe_Single,Sample_301,19,18,443c9ce597a2f904344eb018c67e9a9e,PASS
Safe_Single,Sample_302,14,13,afed98a4149f188ed7a48e28a470bc8a,PASS
Safe_Single,Sample_303,17,16,0bf536a686df09bfe61c76fa1384b5ba,PASS
Safe_Single,Sample_304,19,18,6d8fc8cb1d0e5bb7dde84a421b517d0d,PASS
Safe_Single,Sample_305,13,12,57c545e51bac04652ef59ead0b3832cc,PASS
Safe_Single,Sample_306,15,14,346119610a010de4e173ecbfb73a145b,PASS
Safe_Single,Sample_307,18,17,7eaeda58e935b4514beff6fa21442484,PASS
Safe_Single,Sample_308,17,16,085fb3dd782abc3de221e66e29efd4f2,PASS
Safe_Single,Sample_309,20,19,b3beb5d9472d3696ca49427f67963a92,PASS
Safe_Single,Sample_310,17,16,39768fe7fe9a32ad841db1e99982e916,PASS
Safe_Single,Sample_311,20,19,04f35e3a85ff559147adf7c438a00fd6,PASS
Safe_Single,Sample_312,15,14,c3179743283090b1a92ddba0c1498fea,PASS
Safe_Single,Sample_313,19,18,b3e956091ac7f15f2c533669fca21aaf,PASS
Safe_Single,Sample_314,17,16,3b301bc5c8dc3ea2a9cd43e2f2a51f72,PASS
Safe_Single,Sample_315,16,15,2b717a3ef836ddda5811f7152b42cec7,PASS
Safe_Single,Sample_316,16,15,e7c9b8853fa95faab0caab1b880e6013,PASS
Safe_Single,Sample_317,19,18,29341c7ade8828a84a95189e0c465954,PASS
Safe_Single,Sample_318,15,14,6461570ff3cdd4d29613a2013f24a9b4,PASS
Safe_Single,Sample_319,16,15,6016dc9b92577e28ee32387e2602198b,PASS
Safe_Single,Sample_320,16,15,16893fdb8c66abae5b3989463352ac1d,PASS
Safe_Single,Sample_321,19,18,71e961716c3e189632f97448e5ba9224,PASS
Safe_Single,Sample_322,15,14,951cba0d1335c85f7374d24686ecb516,PASS
Safe_Single,Sample_323,13,12,8f2f9a1008dce9a906d744098e49f74c,PASS
Safe_Single,Sample_324,14,13,8a47cbce2844a078d974d03f572a68d2,PASS
Safe_Single,Sample_325,16,15,5667e6d6fae37a722da762cc6f5fbeb7,PASS
Safe_Single,Sample_326,15,14,e823ea55bdb3cb423a979da939407c34,PASS
Safe_Single,Sample_327,14,13,8afb3073c68d3514caaf6314b1bd3aed,PASS
Safe_Single,Sample_328,19,18,882d4a5f1e1a1364b127789395acf412,PASS
Safe_Single,Sample_329,13,12,6a60f9f148c7b0df36411087a5723548,PASS
Safe_Single,Sample_330,19,18,331c5413d667bf65e97a694852c5cc95,PASS
Safe_Single,Sample_331,12,11,beae1cd7cc9bfacaa98251f043cafc8b,PASS
Safe_Single,Sample_332,16,15,e5577038809d81cca76bb82abd7c11c3,PASS
Safe_Single,Sample_333,16,15,080e2ae97c96e4ffbdb6a9df31d764b4,PASS
Safe_Single,Sample_334,14,13,099947a1fa62e006ae81449e1ab6062e,PASS
Safe_Single,Sample_335,16,15,88b7f075d6f220b4932aa42015753c39,PASS
Safe_Single,Sample_336,20,19,91cf16bdebc4e5092742601eb518a1e3,PASS
Safe_Single,Sample_337,17,16,287a0bb8944cc165eb378eb9ab0cedb3,PASS
Safe_Single,Sample_338,18,17,cc0717a10f7adb144183e2a5f7c1956b,PASS
Safe_Single,Sample_339,17,16,42acb0ee20dc080cb4b42315e47afbfb,PASS
Safe_Single,Sample_340,20,19,37b1c456e552a4c4d53f6d454c708efd,PASS
Safe_Single,Sample_341,19,18,d66f5c95437aa252a9ce42bf8bf0729a,PASS
Safe_Single,Sample_342,19,18,d06c82ac55322221057b06c20936881d,PASS
Safe_Single,Sample_343,17,16,56aaceb62e6a08b3e6af465a272336ae,PASS
Safe_Single,Sample_344,18,17,01fc658138a86b8f66209fd32240306d,PASS
Safe_Single,Sample_345,19,18,fae7cb7a1f2f7ffd3bc2a3922e1975a1,PASS
Safe_Single,Sample_346,18,17,8b27f8748081fb0d2672a87f001d44b1,PASS
Safe_Single,Sample_347,13,12,fe76e2094645fc4810b29197959e6a0e,PASS
Safe_Single,Sample_348,20,19,d0bb906549bd99b198629e3f323102ea,PASS
Safe_Single,Sample_349,18,17,26a1676e8b43d8608a8edba9cd6fedad,PASS
Safe_Single,Sample_350,19,18,b1b69acd967c537daac71e47a2c9a1d1,PASS
Safe_Single,Sample_351,20,19,c26bde02bedd4bb171c40a44b472525f,PASS
Safe_Single,Sample_352,18,17,f838a12288fd8d29e21621b6285e72ef,PASS
Safe_Single,Sample_353,18,17,2723da226f1b6f0ec71dcbc28bd318f0,PASS
Safe_Single,Sample_354,19,18,96811875ec544862599f3c086703aca4,PASS
Safe_Single,Sample_355,16,15,72582554da572227522c86f855975628,PASS
Safe_Single,Sample_356,15,14,84e5c4c85d080732844733469247cfbe,PASS
Safe_Single,Sample_357,18,17,d9a266a42832c5806ff5fe6dd56e98f7,PASS
Safe_Single,Sample_358,16,15,01b4789938d8e7b0fd27c4119d5dcbe7,PASS
Safe_Single,Sample_359,20,19,f780a89c4f47afc84c3af7d4b9bf7dff,PASS
Safe_Single,Sample_360,19,18,13c9aeb24e8ac2f42bcda4a55589dc58,PASS
Safe_Single,Sample_361,16,15,a13f97697f0cc9e75fd554b5294fff43,PASS
Safe_Single,Sample_362,13,12,e95340f6a1395e1d67c2ddfa23186586,PASS
Safe_Single,Sample_363,20,19,245c68ee5531f2f592bdc5fd3c526e30,PASS
Safe_Single,Sample_364,18,17,e4d4b6a1d5d4f653d89bad7d6beceabf,PASS
Safe_Single,Sample_365,19,18,e1577fe9f74d9ce397a3c001778a1f5b,PASS
Safe_Single,Sample_366,16,15,7fa1fd0eb6b91493dcb18278e2be04d0,PASS
Safe_Single,Sample_367,17,16,41c857dd7b6f5d8f0b1143fa11a2ea76,PASS
Safe_Single,Sample_368,14,13,d9d914ef9291e5fd177295a52f819db5,PASS
Safe_Single,Sample_369,14,13,ae358fca6af44c302ebf2e81f0da628b,PASS
Safe_Single,Sample_370,20,19,ccfd8ea8cdf9095a8d5cb71bca91d150,PASS
Safe_Single,Sample_371,13,12,3c806dada08e16ca25bc98b791fcc96e,PASS
Safe_Single,Sample_372,18,17,02b2826a8c0912f05bb07bf76e3ece38,PASS
Safe_Single,Sample_373,20,19,e8a10f763af0d9144bf72b72ae40ebe3,PASS
Safe_Single,Sample_374,18,17,1a753f4315859fef7ce74cfbb4c9611d,PASS
Safe_Single,Sample_375,21,20,0ced0e3d5e3c1df834602ec98184540d,PASS
Safe_Single,Sample_376,19,18,71513a28344e0985bf4cc08c40e7574c,PASS
Safe_Single,Sample_377,15,14,2031ac0ebc408854eae046b0aa31ca5d,PASS
Safe_Single,Sample_378,13,12,808bee1a80c2cf5728aa929350113d12,PASS
Safe_Single,Sample_379,16,15,becfbba5e182e4ff00f1b7da9d6f33ca,PASS
Safe_Single,Sample_380,12,11,a3f1631daaa9e7ebc67a1a94e5e4abb5,PASS
Safe_Single,Sample_381,15,14,97d13e6c3aa834cbe1f6cac9b78bd1f1,PASS
Safe_Single,Sample_382,17,16,7c3c38ea7eee94f64da5fa433c2bad95,PASS
Safe_Single,Sample_383,18,17,f0889f37092be1a27a1f036a7b597b91,PASS
Safe_Single,Sample_384,20,19,637515c173b6886656a085a3813d9cee,PASS
Safe_Single,Sample_385,19,18,f4c084898a7e7a9d8428bd3b05dcec28,PASS
Safe_Single,Sample_386,18,17,e42b1f3d6fc0beac4b59f9cbf3ebded2,PASS
Safe_Single,Sample_387,20,19,7671c9d43f7226bcff525ac68c351240,PASS
Safe_Single,Sample_388,18,17,6dc08d26d1c6f821b11dab6e3a8d5718,PASS
Safe_Single,Sample_389,19,18,98ee2cc408247a96eb46ffb23772a9d7,PASS
Safe_Single,Sample_390,16,15,d9acc48e0ff89f2489694da8a2383013,PASS
Safe_Single,Sample_391,18,17,26a2932def2e273b776927e1f488b5f4,PASS
Safe_Single,Sample_392,12,11,998be10f0c6631b6b4f29ac4bc2f7659,PASS
Safe_Single,Sample_393,19,18,6a9a06a6d649ce972eb7a01d287c9bde,PASS
Safe_Single,Sample_394,16,15,4d15e88f5c9af483cc97475dce65cc91,PASS
Safe_Single,Sample_395,15,14,d6bca7faaac6423dcd87ee6ab7d1afcd,PASS
Safe_Single,Sample_396,14,13,1c0f05bc7510a36cfd8d95230ab622d7,PASS
Safe_Single,Sample_397,18,17,9219952060aa9bbcc5e8cc2123a94e14,PASS
Safe_Single,Sample_398,20,19,d70b95d364df55fcb87013e0116358a9,PASS
Safe_Single,Sample_399,16,15,383bcf92ff7aa7e86c5267acbb5a690d,PASS
Safe_Single,Sample_400,16,15,8788618047f2b3c93fb06bf712f3f20b,PASS
Safe_Single,Sample_401,15,14,cce219ccd9cf9b9f685b1a66f16e5f0f,PASS
Safe_Single,Sample_402,14,13,8c7853b93b00cb382b69b990331b2f37,PASS
Safe_Single,Sample_403,14,13,e7fd38891855a32a4d988cd88f87caa0,PASS
Safe_Single,Sample_404,17,16,f0eb14b58db3d4b9cd999ec2ab88b5c3,PASS
Safe_Single,Sample_405,18,17,3d99895cb4250a9fa8433481b9c29193,PASS
Safe_Single,Sample_406,16,15,48313a9663baa6f670bd022089d980b5,PASS
Safe_Single,Sample_407,18,17,3fb3dcd89742df5b5fcefbb5903599ce,PASS
Safe_Single,Sample_408,18,17,2377e72845840b858f3a9864a66ba49b,PASS
Safe_Single,Sample_409,20,19,e1c09a4f73af850ea4e6b8e3c9e3adee,PASS
Safe_Single,Sample_410,16,15,34ca072ac62c36f4094a7a76362f61ad,PASS
Safe_Single,Sample_411,14,13,d5d60c8940f2ab0d788fde1263e9bb58,PASS
Safe_Single,Sample_412,16,15,1c645a73e07263b4f80d3ce275e0c80a,PASS
Safe_Single,Sample_413,14,13,9c2d9fc8df27acac39800dddd653af90,PASS
Safe_Single,Sample_414,17,16,fc33029e639aeeb84364f034e4f3823c,PASS
Safe_Single,Sample_415,15,14,c1539c344cb668d7ffb9e39e093b83e1,PASS
Safe_Single,Sample_416,15,14,8662df4331299dd2d68f3cd216c6ef14,PASS
Safe_Single,Sample_417,17,16,35903e0d92147ed1bc89a4d0e05bee43,PASS
Safe_Single,Sample_418,17,16,53be344dc7a0224a2b9d5f450753671e,PASS
Safe_Single,Sample_419,16,15,078ec334e946f75b3a1a6626596b3dab,PASS
Safe_Single,Sample_420,20,19,703d2feaf4d3aa91d9abbfa3e1d71792,PASS
Safe_Single,Sample_421,18,17,d6bdf820d9c58c59f172d99e01513f1f,PASS
Safe_Single,Sample_422,15,14,c88ab21ebbe90c91bb323b3d5ec3e16f,PASS
Safe_Single,Sample_423,16,15,542bb01bf5e017a6968328d1e5733a64,PASS
Safe_Single,Sample_424,15,14,854dd6c0776594b62abf02e88067a1aa,PASS
Safe_Single,Sample_425,16,15,7fc03395f605a063281611b3abed45f4,PASS
Safe_Single,Sample_426,18,17,dddb741633585dc59f82736098d8ba02,PASS
Safe_Single,Sample_427,13,12,e052d1c3757b83a2d470183f994b1d55,PASS
Safe_Single,Sample_428,16,15,fafeb99c5a7c0171fa7c0ff1e223ce18,PASS
Safe_Single,Sample_429,20,19,7175885f672f8de699613c5584054265,PASS
Safe_Single,Sample_430,19,18,4b10a3892434cbc9cbd8fc7a0b8c465c,PASS
Safe_Single,Sample_431,20,19,d73e43b571dc522ba610d9d6f1bb50d3,PASS
Safe_Single,Sample_432,18,17,b8e6032095dd0d0ee8221ba4d846bf49,PASS
Safe_Single,Sample_433,15,14,f70207e5f392c55e8af6e92fd9492f2f,PASS
Safe_Single,Sample_434,13,12,84a080cbecc511ffca2e4cdea8e90c89,PASS
Safe_Single,Sample_435,16,15,05f73713b84f24f5ce98236872e97cc0,PASS
Safe_Single,Sample_436,21,20,6de1671685aebfe891cee9ee1ee88e0e,PASS
Safe_Single,Sample_437,19,18,e9794d8988a6bb1a266b1f389cfa7d23,PASS
Safe_Single,Sample_438,20,19,276f5a7a7e22f2397b49684516b0918f,PASS
Safe_Single,Sample_439,14,13,a6d13ddabb6eb99b90d70ded9ffad288,PASS
Safe_Single,Sample_440,18,17,0df650e04d41cb252d4f4a6b9acb0fa2,PASS
Safe_Single,Sample_441,15,14,d8a084bd9766a74737fdce84fed042c6,PASS
Safe_Single,Sample_442,14,13,f7fa2b99011d2b71cdcbca0db010f139,PASS
Safe_Single,Sample_443,16,15,f56a0c9aab4c74c1eb549de8f3bace0b,PASS
Safe_Single,Sample_444,15,14,f443f859820c50d2bbaad406ae2eddf7,PASS
Safe_Single,Sample_445,15,14,688f86c8f5376475546e419a4db67494,PASS
Safe_Single,Sample_446,14,13,0f81b3b3195efeb53ac23165e6913eaf,PASS
Safe_Single,Sample_447,14,13,aafdaee6e9abdd1760955aae5c4fe5cb,PASS
Safe_Single,Sample_448,18,17,80231ff96f59e9892588001f39dce2df,PASS
Safe_Single,Sample_449,19,18,bfdbff200ab8c8f123216d01bd3c56ad,PASS
Safe_Folder,Sample_0,19,18,e696a27159279f39bbbd0c6be5d6bb83,PASS
Safe_Folder,Sample_1,19,18,77d1b68fdcc47a2cd58b422b341b0082,PASS
Safe_Folder,Sample_2,16,15,fb243dc3673be5ea74aa2065b54c4845,PASS
Safe_Folder,Sample_3,18,17,0ca76c91c062d9d1c048515fc735e90e,PASS
Safe_Folder,Sample_4,16,15,0e057f08624919347fb6e8ca60b54e61,PASS
Safe_Folder,Sample_5,13,12,fdc9fae6f97be38ee9a282f1acacca4b,PASS
Safe_Folder,Sample_6,19,18,d2766f552ced52c7e74a3e66c4478817,PASS
Safe_Folder,Sample_7,14,13,bb4ae5875e2fdf2b48bfa1d526fd70ef,PASS
Safe_Folder,Sample_8,15,14,ff0e2f155afe82a9ff577e300cab9690,PASS
Safe_Folder,Sample_9,16,15,5f8565096d334b8aa72ad8f417a7fd06,PASS
Safe_Folder,Sample_10,19,18,e9e8676877f0114493060ef53313d041,PASS
Safe_Folder,Sample_11,17,16,cdaac90e68a7a883ba6c2dae3e576f3d,PASS
Safe_Folder,Sample_12,13,12,72449d0915122e7d030aef160bd4c74c,PASS
Safe_Folder,Sample_13,15,14,fc4ea6635337927efc13bf2dac624a68,PASS
Safe_Folder,Sample_14,13,12,7b96bf3208a80dc800ddc756b6842393,PASS
Safe_Folder,Sample_15,17,16,7e4b8aa8b76f42beb9761072ae109674,PASS
Safe_Folder,Sample_16,21,20,1f23ac75db71cbe18aecd916f182c3b1,PASS
Safe_Folder,Sample_17,15,14,99f0b0b93f0665cbdfc64fc956687aad,PASS
Safe_Folder,Sample_18,18,17,20625043535644c2e233b0b7a16f6177,PASS
Safe_Folder,Sample_19,15,14,90a6d3e5bf800532a4cfe7284fc5d42d,PASS
Safe_Folder,Sample_20,19,18,351261e286849eb81b9d93b4a16da4df,PASS
Safe_Folder,Sample_21,20,19,8277e1fc2889b75b01089a772b7c843b,PASS
Safe_Folder,Sample_22,19,18,dd63477ccd7b77673d0217553fdf5516,PASS
Safe_Folder,Sample_23,14,13,79392841076d086af6060def2e0f1d8d,PASS
Safe_Folder,Sample_24,14,13,b040fbd47dfe8529c76b54c36735d913,PASS
Safe_Folder,Sample_25,13,12,1bd64f4dc3b03dcd69a3d05082a978ec,PASS
Safe_Folder,Sample_26,17,16,33290a6d5437d471f6ccc4108e21af1c,PASS
Safe_Folder,Sample_27,15,14,20d691f1553ad1cde969d341262ee484,PASS
Safe_Folder,Sample_28,18,17,de2361bd399db5681ae02651c514b071,PASS
Safe_Folder,Sample_29,16,15,be451a7b32cc01b9dc481047acf9b191,PASS
Safe_Folder,Sample_30,19,18,89cc79780c66afa68d16cc4fcecf39c4,PASS
Safe_Folder,Sample_31,17,16,7d7948a491dfcb71c26d76a2e4c606d1,PASS
Safe_Folder,Sample_32,17,16,6edd31b151dee815e158fff30d0507f2,PASS
Safe_Folder,Sample_33,18,17,b8354ff7f2a8e42b5c72bfd5dedf398f,PASS
Safe_Folder,Sample_34,13,12,d836a75a5ae25b21b0d9691c24c90f22,PASS
Safe_Folder,Sample_35,19,18,76d574835b483a373a6e58983eed0d99,PASS
Safe_Folder,Sample_36,13,12,196143844d11dc478f0bf3e72fb9bb82,PASS
Safe_Folder,Sample_37,20,19,7f333a794825ad9ae3d287ceeef0860f,PASS
Safe_Folder,Sample_38,20,19,e239dd971e2f69c1c77ae6ced2428c96,PASS
Safe_Folder,Sample_39,17,16,6a0929e1195f1f9360379a3d481e2712,PASS
Safe_Folder,Sample_40,14,13,ae08ca9b5770220cfdeab91d881943d5,PASS
Safe_Folder,Sample_41,13,12,13e89363eb1f2a1eb7d5e468983ee914,PASS
Safe_Folder,Sample_42,13,12,f077efa243788f7d33c57a0ba9ad7bc1,PASS
Safe_Folder,Sample_43,12,11,489a811ffbc74d07193f0001a9b36161,PASS
Safe_Folder,Sample_44,16,15,fa8c159ed9d0d4946a6cd7fffe68dcce,PASS
Safe_Folder,Sample_45,16,15,54615cb81f8417fcdf844f644e700b34,PASS
Safe_Folder,Sample_46,17,16,0f2082a724a3cc214af922b461560148,PASS
Safe_Folder,Sample_47,19,18,2c5424f51b30eaa73a30e93107cebc73,PASS
Safe_Folder,Sample_48,17,16,9c8ad367997635cd7a3428f90876684b,PASS
Safe_Folder,Sample_49,18,17,31dc9b514d03c636b4698a70f4e865cf,PASS
Safe_Folder,Sample_50,18,17,bec3c0b876b27a9bfa333595d42f8ae3,PASS
Safe_Folder,Sample_51,17,16,53edeb8df9055af9b626f490812f9c03,PASS
Safe_Folder,Sample_52,21,20,c327ebbc4126616d6d72e732a321f38f,PASS
Safe_Folder,Sample_53,15,14,76b4e4399541aaed49a732893c1bf17f,PASS
Safe_Folder,Sample_54,16,15,5c9a654356871e209e3fc98a2f8fa18d,PASS
Safe_Folder,Sample_55,13,12,9add06f2fe069dc01c088cfb983b0dc4,PASS
Safe_Folder,Sample_56,15,14,45ea0b0aba1ae53aacedd31ad268b0b5,PASS
Safe_Folder,Sample_57,14,13,c2bb28afd43701d1d76fc5cecbedd5de,PASS
Safe_Folder,Sample_58,19,18,7729feb3b396d728a514908fe2304623,PASS
Safe_Folder,Sample_59,14,13,78f9ab9ff908967634e26a6693c21ee5,PASS
Safe_Folder,Sample_60,14,13,b273f23b91d09b44a317c8272cbf1d14,PASS
Safe_Folder,Sample_61,19,18,1af2a8478e9430094db487d7d32c806b,PASS
Safe_Folder,Sample_62,20,19,191c629018e7f8bfe5a66b74b60a4f67,PASS
Safe_Folder,Sample_63,20,19,a40fd7d1509db9c8c3c83897db7dba04,PASS
Safe_Folder,Sample_64,21,20,54a1f1ce740fd60f4082a462e444a53c,PASS
Safe_Folder,Sample_65,15,14,f849cff77106d299014c8abc7fe39a62,PASS
Safe_Folder,Sample_66,16,15,395f98a285c65305c74908727090191c,PASS
Safe_Folder,Sample_67,15,14,730015a6c210127df648458f0feb9c89,PASS
Safe_Folder,Sample_68,14,13,45fafd031e607bd9498a7459160e9c8e,PASS
Safe_Folder,Sample_69,19,18,4415bada1ffa83c20d99611569f6539d,PASS
Safe_Folder,Sample_70,17,16,cffab45a4d1408843f40e010de354fba,PASS
Safe_Folder,Sample_71,17,16,3c744d58d802c2929fe4863f1ba6f0dc,PASS
Safe_Folder,Sample_72,16,15,bc9ffe29133f29857de2d37749489bf3,PASS
Safe_Folder,Sample_73,19,18,e79d45a3ce23e0b5e3528cdbe5ea4c56,PASS
Safe_Folder,Sample_74,20,19,78813100d1858fbb5a9a5752d2762155,PASS
Safe_Folder,Sample_75,18,17,b52e5d64ee0308a4cdcaba57a694b3e5,PASS
Safe_Folder,Sample_76,16,15,c25211d7b1f1b59e1428f1ad4fd30a41,PASS
Safe_Folder,Sample_77,13,12,2112a2a5f759558d48fb0d43187fce18,PASS
Safe_Folder,Sample_78,16,15,ceedf30ddfe5a9299fdcff2e7e669d7e,PASS
Safe_Folder,Sample_79,18,17,c61daa807ecdc52277bbe4b32119e247,PASS
Safe_Folder,Sample_80,16,15,0aa38ca58f4a66a9070a4c4948f76980,PASS
Safe_Folder,Sample_81,17,16,79dad9362f4a92127cdc6f95e8aed3ee,PASS
Safe_Folder,Sample_82,15,14,9d2fb6d13ba35627ea16e6d17da69e9a,PASS
Safe_Folder,Sample_83,14,13,1626a478b96cbdc50f324e49efc57d52,PASS
Safe_Folder,Sample_84,13,12,ff4fe5d9581d20b6c5658c6a8b7a0303,PASS
Safe_Folder,Sample_85,20,19,61d8ba5f9c6fcf5abbfd81cd281250d7,PASS
Safe_Folder,Sample_86,19,18,0e13881b91975be36cd8db724deabdfd,PASS
Safe_Folder,Sample_87,20,19,37de5db7b307402123f269e76b9ba181,PASS
Safe_Folder,Sample_88,18,17,90172b58e7811672a81419267b6c4596,PASS
Safe_Folder,Sample_89,15,14,ca736b683fde245d5889181dad1e4e64,PASS
Safe_Folder,Sample_90,18,17,5f17d4e1e7b8ad64111ecf7fe193b040,PASS
Safe_Folder,Sample_91,12,11,b055368cd206a54a26279d4d604339a3,PASS
Safe_Folder,Sample_92,16,15,57c46c2639b48694170f6c858b529788,PASS
Safe_Folder,Sample_93,14,13,8e9ee8eb8db61a77d080fc9209600e48,PASS
Safe_Folder,Sample_94,17,16,841ae0c92bb6b8c883f9b7c878ace1bc,PASS
Safe_Folder,Sample_95,16,15,ab094e7e123871ca9ef35121693edf02,PASS
Safe_Folder,Sample_96,15,14,b91c4b6f1ab4b7b139d99bd628a266e1,PASS
Safe_Folder,Sample_97,18,17,82b027516fd4428e5217ffef513f2af5,PASS
Safe_Folder,Sample_98,20,19,dc145572a6c26dfda4f1281e6824bb11,PASS
Safe_Folder,Sample_99,19,18,bb11815c5b51202cd6ff80ad1b422ab4,PASS
Safe_Folder,Sample_100,21,20,d292e6a856c93820f696d77f8ef592a2,PASS
Safe_Folder,Sample_101,13,12,1017995d58fd491d43b3d28e68e30f13,PASS
Safe_Folder,Sample_102,13,12,c39d7686fb9b0dee38bc456de79e0e0a,PASS
Safe_Folder,Sample_103,14,13,d9ba0723162f95ae2243515fd6a12b7b,PASS
Safe_Folder,Sample_104,16,15,af7ff45b8e05d7c673eab22198c5fc4a,PASS
Safe_Folder,Sample_105,16,15,ca811b1c9f6c2102e68ff23e9ccdad25,PASS
Safe_Folder,Sample_106,15,14,05d84fef42dd9bc0cf879ad808654092,PASS
Safe_Folder,Sample_107,13,12,74291f58cbda3955a489cfee43f6b7ea,PASS
Safe_Folder,Sample_108,20,19,72bd4fdcde3ce3670ea5b8676f1fe3cd,PASS
Safe_Folder,Sample_109,20,19,9520ff3657c5e425f0812bee1b7d309b,PASS
Safe_Folder,Sample_110,20,19,cb1d2df9fa35a7ee2c79988e1c46fbc6,PASS
Safe_Folder,Sample_111,14,13,89b9bf662314e8dfe6a651e67fe87d30,PASS
Safe_Folder,Sample_112,18,17,d821dcd676e869d290a45e9ce3b24cb2,PASS
Safe_Folder,Sample_113,17,16,72c7384a40b3af112a1e3afed42955cd,PASS
Safe_Folder,Sample_114,16,15,2fcc0f34962579515380dd5b956d79a0,PASS
Safe_Folder,Sample_115,14,13,c3b33c37a4a8c9250cc22207fea82b9c,PASS
Safe_Folder,Sample_116,15,14,ef857057d2f46b205b8b4d1ce03ff064,PASS
Safe_Folder,Sample_117,17,16,6326c0b978c3e671851d757ab14a18d4,PASS
Safe_Folder,Sample_118,16,15,7781e2902e1bdd3f411bfb3efbefed16,PASS
Safe_Folder,Sample_119,20,19,022413d068ff248dd609419adfe4da4c,PASS
Safe_Folder,Sample_120,19,18,b781fb2ea078e218b83475ef4a2ae801,PASS
Safe_Folder,Sample_121,18,17,a0c592db49d8f774ac08d788e832f356,PASS
Safe_Folder,Sample_122,19,18,2faa2e47d7dc8316a28470d4b77f94ec,PASS
Safe_Folder,Sample_123,14,13,efa3554f538a52ddee8f9f3448063566,PASS
Safe_Folder,Sample_124,21,20,a582fc83008da449e5ec15a5d61163e8,PASS
Safe_Folder,Sample_125,13,12,10919b90af6e14829d58f43bb49109dc,PASS
Safe_Folder,Sample_126,14,13,dbf7b1e809c03087368f3b7adc1204ce,PASS
Safe_Folder,Sample_127,13,12,25aaee5e64293a2366ea65a9ddbb2605,PASS
Safe_Folder,Sample_128,18,17,42b08a3ddac44db04c33f4f48e81f3c7,PASS
Safe_Folder,Sample_129,16,15,e24e1d8f2ec6a58caaf25a54fe7d3e41,PASS
Safe_Folder,Sample_130,18,17,c25ae5a61b3b0e3e27780c7b4a61070f,PASS
Safe_Folder,Sample_131,13,12,aa58b0ece92c39b7b2069aad91f22811,PASS
Safe_Folder,Sample_132,13,12,5029065bf6884885565b773d29d08eb1,PASS
Safe_Folder,Sample_133,15,14,e9269e10a4da6e3c6418512b27cec569,PASS
Safe_Folder,Sample_134,15,14,9e6f8902d08844529776e3549dc1881d,PASS
Safe_Folder,Sample_135,16,15,eec50caf77bff7bfe9009297cfde0345,PASS
Safe_Folder,Sample_136,19,18,147f3f700ca49a27883dc5357b737485,PASS
Safe_Folder,Sample_137,15,14,6bd714ee9669ca84f68017919a158974,PASS
Safe_Folder,Sample_138,13,12,284f0741ec8fe47564f728f39280fb4c,PASS
Safe_Folder,Sample_139,18,17,938bd953ffb557b4db483cc02204e85f,PASS
Safe_Folder,Sample_140,19,18,2e816badb576bc2fc73e1b5815c8f1c9,PASS
Safe_Folder,Sample_141,18,17,0ab2cbdc82c0c598f844c706a4574a02,PASS
Safe_Folder,Sample_142,20,19,6eacef25a70edd26c048fb684d4e3e3c,PASS
Safe_Folder,Sample_143,19,18,5ac9a054558c4efe6b7bf297475c65f9,PASS
Safe_Folder,Sample_144,13,12,a3e66b99fbee6e5d126e01af254776a9,PASS
Safe_Folder,Sample_145,19,18,3b06679c517ddd08e1d55958150ab840,PASS
Safe_Folder,Sample_146,17,16,e75c826167681cc4482ef44a28563d52,PASS
Safe_Folder,Sample_147,14,13,80dd4ce7e84633edf17bd9622a98b353,PASS
Safe_Folder,Sample_148,15,14,5bfe3ec9cbf6a79680b79112f092d86b,PASS
Safe_Folder,Sample_149,13,12,31e683a3582e29fdd0363550b38399fe,PASS
Safe_Folder,Sample_150,14,13,f38df148bf5a9c92edde9ffc2b5d6cae,PASS
Safe_Folder,Sample_151,18,17,4de2118e85efd319ef459638678bfa19,PASS
Safe_Folder,Sample_152,18,17,ab39e2b547b292c32e883b7e0e71da2b,PASS
Safe_Folder,Sample_153,16,15,872e447048fb4343a5c46a62edf06cb4,PASS
Safe_Folder,Sample_154,14,13,e03dbfbfd25cad81b7a7747ff2989bb3,PASS
Safe_Folder,Sample_155,19,18,09275766655bb872624776ae8e4c51e4,PASS
Safe_Folder,Sample_156,19,18,5162cc3fc9d829af29c614ffddde08e0,PASS
Safe_Folder,Sample_157,20,19,af684da1daa6bc0f8bb42e6d2aac7762,PASS
Safe_Folder,Sample_158,18,17,f7de0cf738892ef03aa5ffa97c9d99a7,PASS
Safe_Folder,Sample_159,17,16,32e5077f3967f7253342f622825cca06,PASS
Safe_Folder,Sample_160,15,14,457cd346cfd23f082c0a039167e52c14,PASS
Safe_Folder,Sample_161,15,14,17ca49e372d0335bbe398f38b90946a5,PASS
Safe_Folder,Sample_162,18,17,dcdf5e9bb7cb3528be4356a024a08fa4,PASS
Safe_Folder,Sample_163,12,11,9be27c425258789721fc832b4d8f0002,PASS
Safe_Folder,Sample_164,13,12,3c7078d09217aba5c4df2b9e940cffd3,PASS
Safe_Folder,Sample_165,14,13,b0f7c72f71151253ce7672ad162f9b66,PASS
Safe_Folder,Sample_166,18,17,be2e79fb44fda33ef0ea721497da249c,PASS
Safe_Folder,Sample_167,18,17,046dfe2c075f60655361657590cc1a27,PASS
Safe_Folder,Sample_168,19,18,0b8210627f216170c043d57149d6c75e,PASS
Safe_Folder,Sample_169,15,14,3277fba11636ec14422486b308c8b161,PASS
Safe_Folder,Sample_170,19,18,ab849fddfc24605f6c9dd61d58c50852,PASS
Safe_Folder,Sample_171,17,16,a85ce535506b130b25193b9408145ca2,PASS
Safe_Folder,Sample_172,19,18,6daa76ba3290e383bddd70e67d29cdc9,PASS
Safe_Folder,Sample_173,15,14,a6054d03da8f0dd7141729f03d01ab03,PASS
Safe_Folder,Sample_174,13,12,9f756441063fbe2ce5dc91ee4db66153,PASS
Safe_Folder,Sample_175,14,13,2357f744ea9e8889f9af790e0c3eaf3e,PASS
Safe_Folder,Sample_176,13,12,5080332a82dc23b57143f9bee4dc09ce,PASS
Safe_Folder,Sample_177,21,20,03687c00979b21f3c579a62497c9f949,PASS
Safe_Folder,Sample_178,18,17,125269d5809658d86fe75af953901d38,PASS
Safe_Folder,Sample_179,17,16,56b92b9d036371e9ae000e5807cbd23e,PASS
Safe_Folder,Sample_180,19,18,033f1fd50534a4a6e89c944867c73a1e,PASS
Safe_Folder,Sample_181,13,12,276c1493e7edf63cbb7c89823953b2c1,PASS
Safe_Folder,Sample_182,18,17,84efc0a16a111772f7cf5689c24c4ef1,PASS
Safe_Folder,Sample_183,19,18,537370c8547cc8044a71908785c612e3,PASS
Safe_Folder,Sample_184,19,18,d29c0a31c1034feeeb27f337f64a79b9,PASS
Safe_Folder,Sample_185,17,16,515ab53ba8a92068bd4e62be268214eb,PASS
Safe_Folder,Sample_186,20,19,679296cdc14017a08b1133c7d9c6a066,PASS
Safe_Folder,Sample_187,19,18,3233bff8d8d5986914e4f12375c6c5f3,PASS
Safe_Folder,Sample_188,14,13,a628bad39c789f9672f2a4ff8bdf2818,PASS
Safe_Folder,Sample_189,20,19,9b2a790ffb528c5070028195607352b7,PASS
Safe_Folder,Sample_190,13,12,d596d5266cd2cdab3485d389d94ad328,PASS
Safe_Folder,Sample_191,15,14,78ddefdc66566e95740f3ae815f4c03a,PASS
Safe_Folder,Sample_192,14,13,64b146e9171005f1d5b2efc5900e95b3,PASS
Safe_Folder,Sample_193,14,13,c8928c1667011af061ab7b353759ed3d,PASS
Safe_Folder,Sample_194,13,12,812a6ae34c0a35501384b57fc07ded1a,PASS
Safe_Folder,Sample_195,16,15,3163370e5b9934593f085e51bede231d,PASS
Safe_Folder,Sample_196,18,17,be70e31179cf3f28fee89c3895df50a6,PASS
Safe_Folder,Sample_197,12,11,078b8af72e5a8a5fd4d141837120789a,PASS
Safe_Folder,Sample_198,16,15,dc505b715a7963e2e0095dbdd1ead7d7,PASS
Safe_Folder,Sample_199,12,11,64a6795d5ea1927a0cd6b3a5ed35eaee,PASS
Safe_Folder,Sample_200,19,18,21a1ed725ba8e0eadb235df1834a2d32,PASS
Safe_Folder,Sample_201,18,17,8d500777580769fda2dbe0956634f8da,PASS
Safe_Folder,Sample_202,14,13,f3842a2cd9e6045846a18a9f55fc56ce,PASS
Safe_Folder,Sample_203,20,19,439d210aa7c102ee96fa601f7c55a2d7,PASS
Safe_Folder,Sample_204,17,16,b32c389a4b5249b0b8bd01537419317e,PASS
Safe_Folder,Sample_205,20,19,ca175f4824721113916517e9c80e95fc,PASS
Safe_Folder,Sample_206,16,15,043b6cb75f2137175d61a2108f30f8c9,PASS
Safe_Folder,Sample_207,21,20,2993fb865988c5d9990f1f321b8e0fba,PASS
Safe_Folder,Sample_208,15,14,de828a714726d454bb79164c5a506c0a,PASS
Safe_Folder,Sample_209,18,17,796755f634379a66257b9f5db9702416,PASS
Safe_Folder,Sample_210,13,12,1a56c3641f7caae53335bce61c167fba,PASS
Safe_Folder,Sample_211,16,15,c79adaa159874351ca95545dd902cb69,PASS
Safe_Folder,Sample_212,18,17,74b0792afa2b882959c210f99e6a4e77,PASS
Safe_Folder,Sample_213,19,18,c88ee1867b8eca12efbab13d1f65c1ee,PASS
Safe_Folder,Sample_214,16,15,d6c18b3d5cc29922f2757a7a14336009,PASS
Safe_Folder,Sample_215,16,15,4f22343033104c34edebe9ed3ddfbf9f,PASS
Safe_Folder,Sample_216,19,18,4934b50470583e203aa4217a310315b1,PASS
Safe_Folder,Sample_217,19,18,f11b857f2df3996bc2d826b0960080d6,PASS
Safe_Folder,Sample_218,17,16,cf44488ddcef54b5d50decc8314cec3f,PASS
Safe_Folder,Sample_219,15,14,faff64ac3df3abf20e2600392fdb26fc,PASS
Safe_Folder,Sample_220,21,20,4a0d203827d0717127f7999edad020ef,PASS
Safe_Folder,Sample_221,13,12,3974e63e327c104a121c69e12883899d,PASS
Safe_Folder,Sample_222,18,17,5fef3cf368f05727dd6ba2449dabf192,PASS
Safe_Folder,Sample_223,13,12,3fa2dfbba836368ad650eba7916a5fbe,PASS
Safe_Folder,Sample_224,19,18,61b116b20ae014f5808c39ddbb0a9ef8,PASS
Safe_Folder,Sample_225,20,19,cbfe0b399269032d835a530ca76df2aa,PASS
Safe_Folder,Sample_226,18,17,e4273b89ece0ffbc2357adf705e4ab53,PASS
Safe_Folder,Sample_227,15,14,81dd96134017eca73931a8c4f7ea1189,PASS
Safe_Folder,Sample_228,19,18,2906c358d9bfdcfa3f940a3ae632f45a,PASS
Safe_Folder,Sample_229,13,12,386528522b40bc92507e71d3fb18d569,PASS
Safe_Folder,Sample_230,19,18,21d2036cdb651f7a4992a3ab666ce234,PASS
Safe_Folder,Sample_231,17,16,643c3543a22a3f2cd0e4a108cc6c2a62,PASS
Safe_Folder,Sample_232,15,14,968b7f62eff4face0e20332e565a4222,PASS
Safe_Folder,Sample_233,19,18,4a01a5b10201eb7b6e75b60d5653aa64,PASS
Safe_Folder,Sample_234,16,15,e12f00620b580dcf8f8c5d1ad273ad18,PASS
Safe_Folder,Sample_235,13,12,bf9f6fd49f8aba402ef4160297bc91f3,PASS
Safe_Folder,Sample_236,12,11,3c83bdeb65265e6a6d2bb96e86add7e3,PASS
Safe_Folder,Sample_237,14,13,04c34e9666a8175901683c07d19c441c,PASS
Safe_Folder,Sample_238,13,12,7fd356031e784ffaae416de8f11af8b9,PASS
Safe_Folder,Sample_239,15,14,323a03cb0dc1d949535b63617b4790ee,PASS
Safe_Folder,Sample_240,20,19,5b6d00e4251000f4103b0fd283ea105a,PASS
Safe_Folder,Sample_241,18,17,2ab720954fb84ce27c2d9874888b5b60,PASS
Safe_Folder,Sample_242,15,14,6d0f755d0e1545738c3d30359e85e5ee,PASS
Safe_Folder,Sample_243,18,17,131a05f13c4cc1c9425e8da5c29aa94c,PASS
Safe_Folder,Sample_244,20,19,2efa821b0e03077a4e5df1105b9daaed,PASS
Safe_Folder,Sample_245,15,14,397b8a844e0daa1800321b556324447b,PASS
Safe_Folder,Sample_246,13,12,fb4ee46fbf472408c34b37eb5c751be0,PASS
Safe_Folder,Sample_247,15,14,6ffbf0bff72184962dd51110c755817a,PASS
Safe_Folder,Sample_248,12,11,cc754abf48939cb4a7336f39bbf42ebc,PASS
Safe_Folder,Sample_249,17,16,cd4511bf5c9ae71b0d76b8c54b0a553f,PASS
Safe_Folder,Sample_250,13,12,2f3949c1c7869ab537fe5af04d56304f,PASS
Safe_Folder,Sample_251,14,13,c932e7cb145d6f69e64b3913036dfa68,PASS
Safe_Folder,Sample_252,14,13,960e3d50ce633037244b212c1bed7317,PASS
Safe_Folder,Sample_253,18,17,190caa87292de50e063ca3ca1d86624a,PASS
Safe_Folder,Sample_254,13,12,9a2dd0ac31aa57ec843dee8ff95d83a9,PASS
Safe_Folder,Sample_255,18,17,c4296bf2c4bc99c4d8849dbab66d2128,PASS
Safe_Folder,Sample_256,18,17,8838351396ac966a16c68b65b6a0b8a9,PASS
Safe_Folder,Sample_257,14,13,503d06f9056191412b4b2c7f856fd7ea,PASS
Safe_Folder,Sample_258,17,16,4389b6f36dafadbdc4fcb4720486898c,PASS
Safe_Folder,Sample_259,12,11,b229a482d672de2d41e7004db5f826f9,PASS
Safe_Folder,Sample_260,12,11,ae8dd51d1d8568fee34ca12879d11068,PASS
Safe_Folder,Sample_261,20,19,fa93a88c309255cc97be64bbea6816ed,PASS
Safe_Folder,Sample_262,16,15,def0ddedd2dac91e1667c6954bc38ae2,PASS
Safe_Folder,Sample_263,13,12,884a2c1fb7c874b0194cbe4cc933ee31,PASS
Safe_Folder,Sample_264,20,19,e992997402f71252bf03bfefbe926778,PASS
Safe_Folder,Sample_265,20,19,0102acefc8afea37a2b0b6b838bdc504,PASS
Safe_Folder,Sample_266,13,12,d85fc70859f942e71c7e185f945fe54b,PASS
Safe_Folder,Sample_267,16,15,78e178fd53f621b934ef6ff8d29c03c4,PASS
Safe_Folder,Sample_268,19,18,012e1a46ee3219a09a1734ab3353b8b9,PASS
Safe_Folder,Sample_269,16,15,bff69855ecff129d9771b54a27f7c572,PASS
Safe_Folder,Sample_270,16,15,7f4abc0bc0e6c7f955a715970d6510ff,PASS
Safe_Folder,Sample_271,16,15,871484f334a786734f836d1a6c7690eb,PASS
Safe_Folder,Sample_272,17,16,c2eeb4de613a73116c326c1e3ec939a0,PASS
Safe_Folder,Sample_273,17,16,3e23ffce79c16f1fd7a868fcdc4d1f04,PASS
Safe_Folder,Sample_274,20,19,08f38115906a7c69e412f5a75d49a9e0,PASS
Safe_Folder,Sample_275,18,17,d7383e48ae805baef53a69c8c0197a83,PASS
Safe_Folder,Sample_276,14,13,13ff80fdb312ba62d63d5bfdd62a3a46,PASS
Safe_Folder,Sample_277,18,17,332e9f020099260346bad4e4c1b24904,PASS
Safe_Folder,Sample_278,15,14,cc7f7201cb8acfaa36e0b215cd0735ec,PASS
Safe_Folder,Sample_279,14,13,68f650fd2aae4d2b3487502f60786682,PASS
Safe_Folder,Sample_280,17,16,f88c76e0bb970923977d2fde6b8e6cd0,PASS
Safe_Folder,Sample_281,16,15,b257e683e6536344e4b118b344405be6,PASS
Safe_Folder,Sample_282,15,14,5f142e47ce1d0c3d79cfbd9e8e004770,PASS
Safe_Folder,Sample_283,17,16,76536e8eeb1de7e1f6025b45197b35e6,PASS
Safe_Folder,Sample_284,15,14,21d4d743ef1dc3948e962aa7a0157504,PASS
Safe_Folder,Sample_285,19,18,62b4984d31ec442437723d002cc31caa,PASS
Safe_Folder,Sample_286,16,15,6e9b831f1a8e3bc550378183d506fbf8,PASS
Safe_Folder,Sample_287,18,17,8f6b1ab5315c4a5f85870668e48bdfe2,PASS
Safe_Folder,Sample_288,19,18,d0de9fc32a7ef4ba401df467f0103878,PASS
Safe_Folder,Sample_289,17,16,b540e032f98c244d731b03b0c5a97c31,PASS
Safe_Folder,Sample_290,16,15,a8ef1c2607ed6dd24defecd8cd1b0061,PASS
Safe_Folder,Sample_291,20,19,0166d0aa95abe1dd10cb23cd928f19f6,PASS
Safe_Folder,Sample_292,21,20,4edd4654cf7d40cfd2616777020f8015,PASS
Safe_Folder,Sample_293,15,14,69e3370400afd3df3e973791585971b8,PASS
Safe_Folder,Sample_294,13,12,51e7cfe71ddc4fb6025e2885196735ee,PASS
Safe_Folder,Sample_295,19,18,f3a564a74bb4fb82e42d375e867838e9,PASS
Safe_Folder,Sample_296,13,12,2bd76fd97c568847548351129df9d03f,PASS
Safe_Folder,Sample_297,16,15,37d48a4d688463f24e1468d8c5a0c13f,PASS
Safe_Folder,Sample_298,15,14,37019f63e1f579a9720834df654af694,PASS
Safe_Folder,Sample_299,15,14,fd73e8518ecde2797495427cb7ecb522,PASS
Safe_Folder,Sample_300,16,15,45200cbf752e87e0d87d80d69764453b,PASS
Safe_Folder,Sample_301,16,15,0096c39780a4fcf448293566db2b3aa4,PASS
Safe_Folder,Sample_302,19,18,a10925292adaca50a191b7fcec348710,PASS
Safe_Folder,Sample_303,16,15,b39a325287af573228fab90c49b62153,PASS
Safe_Folder,Sample_304,20,19,1d4a3e3a6aa62eb884350f15e2bf50a2,PASS
Safe_Folder,Sample_305,15,14,9498961e4a7f913d046d0548c17ca808,PASS
Safe_Folder,Sample_306,13,12,440ec211f3d23aca7598a80372fb54b3,PASS
Safe_Folder,Sample_307,18,17,e698ff0e1e02fe7459decbe45b105c73,PASS
Safe_Folder,Sample_308,12,11,f91c18595d76ecc2801d1e0d25e5727f,PASS
Safe_Folder,Sample_309,16,15,0373f312a98ab299698c5f6e02775d32,PASS
Safe_Folder,Sample_310,19,18,a7274432ed73b33bfd29b5652a4caeee,PASS
Safe_Folder,Sample_311,17,16,22fe95b2d3886d430382accbc60e4231,PASS
Safe_Folder,Sample_312,16,15,bbac56350493cc152e9ed681aace0a64,PASS
Safe_Folder,Sample_313,20,19,4291b51398c0a4611ba223b692a465e1,PASS
Safe_Folder,Sample_314,19,18,6418bf00e13a1acdb732d97ac58cef01,PASS
Safe_Folder,Sample_315,20,19,1ef8551f7e187b40b745ad36b9a96b04,PASS
Safe_Folder,Sample_316,20,19,2bf34d44a984e5357c1ce52129186fbf,PASS
Safe_Folder,Sample_317,18,17,9b7ec0a5b3bd38300c7228cf5eb3cf44,PASS
Safe_Folder,Sample_318,16,15,0b26ba143b7a4df770f75c5fba0751cc,PASS
Safe_Folder,Sample_319,15,14,e3652ed37d2c9100e3df942c549f432e,PASS
Safe_Folder,Sample_320,12,11,8d335fd3b796cd8da13ca74f9240ef90,PASS
Safe_Folder,Sample_321,20,19,98562410bb5ebd274c584c244eb52580,PASS
Safe_Folder,Sample_322,14,13,03d1f944577c7c4d62033b6e34525e7f,PASS
Safe_Folder,Sample_323,15,14,998a31b5245eb46598873824b24b160c,PASS
Safe_Folder,Sample_324,18,17,10699de0b48bfb3a974f74de92c1b7c4,PASS
Safe_Folder,Sample_325,16,15,dd667f4a04673742574e3f39139ee16e,PASS
Safe_Folder,Sample_326,14,13,d985fea45be4baff504b0bb87b8ca432,PASS
Safe_Folder,Sample_327,16,15,55c0bd2d62dddabd7464cf6d1fcc74bb,PASS
Safe_Folder,Sample_328,18,17,b48df8dacdb2ef494120d82ae3da8ff6,PASS
Safe_Folder,Sample_329,13,12,7877fab8de9ee78213e09d2df9622382,PASS
Safe_Folder,Sample_330,16,15,b82c123ae788469abe9fc95eb94c718b,PASS
Safe_Folder,Sample_331,18,17,03e007596d3a8b7043b201384c9b9b3b,PASS
Safe_Folder,Sample_332,12,11,8b4697c2e517e1ca973be2e881588cfb,PASS
Safe_Folder,Sample_333,18,17,57ca4d2fa38b2f7347924dbd5d991f98,PASS
Safe_Folder,Sample_334,17,16,6d74e7db9462abe7b94aaba8d8c343ab,PASS
Safe_Folder,Sample_335,16,15,72fd7087875c502b252e9d2766703996,PASS
Safe_Folder,Sample_336,18,17,206663556756e77885b459ab9e368912,PASS
Safe_Folder,Sample_337,20,19,375dbb70238a56c29476175dfc29361b,PASS
Safe_Folder,Sample_338,13,12,3e7973244913b38378ad8ede84b6b357,PASS
Safe_Folder,Sample_339,20,19,f0274d25b5573e24e23c6a0bc995c4e1,PASS
Safe_Folder,Sample_340,16,15,a0722724d9778992565ce7fe6466de82,PASS
Safe_Folder,Sample_341,18,17,3f12e223d606b13ad0a902f69e5e6c2e,PASS
Safe_Folder,Sample_342,16,15,3a93f0bbdf2c40faa208f506e5125329,PASS
Safe_Folder,Sample_343,14,13,9a60cce9f0944fc5189ad1c7a84101c7,PASS
Safe_Folder,Sample_344,17,16,806f40cac8e4478e74cfb5932f583f6f,PASS
Safe_Folder,Sample_345,20,19,24c0e660fbcec5b0224f88da8ab1ea33,PASS
Safe_Folder,Sample_346,20,19,153dc54960640d876d7b181b54030b42,PASS
Safe_Folder,Sample_347,14,13,bd73b57288b45d1bbebbea9fd5503b9f,PASS
Safe_Folder,Sample_348,19,18,ca5011f232c84f2fd3835ba9d80139f5,PASS
Safe_Folder,Sample_349,18,17,39dec2640e2c588bdf595f1f90d3d479,PASS
Safe_Folder,Sample_350,20,19,379eaf0ef26d9dfb79ba5979a60bc070,PASS
Safe_Folder,Sample_351,18,17,cefb8d4c045ef91bb14a85861ab0fb3e,PASS
Safe_Folder,Sample_352,21,20,f811fb153f5e60820ea464434a417f0d,PASS
Safe_Folder,Sample_353,16,15,cd79c217ffeff35b202a7d1bd7ba7142,PASS
Safe_Folder,Sample_354,15,14,92c0fa59866e55b1fabcadb1e197b472,PASS
Safe_Folder,Sample_355,17,16,04621e22792ec053c14fd4720405a89a,PASS
Safe_Folder,Sample_356,18,17,9854847093a9e798647a36d7d810d8fa,PASS
Safe_Folder,Sample_357,20,19,17d0017ac25d1dac3effbc74f0f1a1b1,PASS
Safe_Folder,Sample_358,14,13,d7589a57f044c517c1d82e3f529fdaaf,PASS
Safe_Folder,Sample_359,15,14,2b2a79099ae0357a4de49efadd13c26b,PASS
Safe_Folder,Sample_360,13,12,a7574fb47500544763ac7f4f2d1621e6,PASS
Safe_Folder,Sample_361,16,15,dc2450ad9422e921227adcf30c045502,PASS
Safe_Folder,Sample_362,18,17,806aa4952cf87fa060420f8859aebc45,PASS
Safe_Folder,Sample_363,21,20,b316a9b29b8d8303a786b2da8adcbcc5,PASS
Safe_Folder,Sample_364,16,15,7dde6060df7d95b005da73fe024b6703,PASS
Safe_Folder,Sample_365,19,18,61c9ad5f61e602f8cc1961b7c50eb04d,PASS
Safe_Folder,Sample_366,17,16,1a6436a79058a468f203c8a24d31af85,PASS
Safe_Folder,Sample_367,19,18,9804fb4bccbed001d1a4f1c0940251a0,PASS
Safe_Folder,Sample_368,18,17,b385ac19bb3b06a2f0db38e2f44b1c1d,PASS
Safe_Folder,Sample_369,18,17,bcb23a5d356652ff1f18c74dab793872,PASS
Safe_Folder,Sample_370,19,18,a5f63b73f2e69636ee0ee4f0b6f9e7c0,PASS
Safe_Folder,Sample_371,16,15,31377c26bea3833eb6885783833501e3,PASS
Safe_Folder,Sample_372,19,18,db0ebdd83b4819727a3653fe56dc3c27,PASS
Safe_Folder,Sample_373,15,14,e03fc9e5fdf0d88216158442e9d968ad,PASS
Safe_Folder,Sample_374,13,12,a9b20a154a43b1076a3a38e71a518878,PASS
Safe_Folder,Sample_375,15,14,ba0c09b3dcaa8497afa9fb757f856945,PASS
Safe_Folder,Sample_376,18,17,bfca890d6d0fe9a60526fb10f9287465,PASS
Safe_Folder,Sample_377,16,15,63b2899504fc43b5321171c0c8056799,PASS
Safe_Folder,Sample_378,15,14,e8f58ce33d9895bd8762c12a0d223a0b,PASS
Safe_Folder,Sample_379,14,13,882a616a74625ce3ab6041778ffb9196,PASS
Safe_Folder,Sample_380,16,15,f6ac2ca66b46e39d7f37e6d9e29d8b26,PASS
Safe_Folder,Sample_381,18,17,fe77bce93915ac4dc2404e3bf3113108,PASS
Safe_Folder,Sample_382,13,12,31fcadae07a07ad42f4e71cce54772ed,PASS
Safe_Folder,Sample_383,16,15,7d3bfaae4cf3fdfce04c9cf29928f168,PASS
Safe_Folder,Sample_384,14,13,295912cec2fdb827186339db909015da,PASS
Safe_Folder,Sample_385,14,13,695ca61657117e19fef406f9701e039b,PASS
Safe_Folder,Sample_386,17,16,b0f5d9b5326708e77d6a643bd0eae251,PASS
Safe_Folder,Sample_387,19,18,12e8b3d619048737206ab6f0d29f6048,PASS
Safe_Folder,Sample_388,15,14,2d36c8f902288e21c1a57811afa13dd5,PASS
Safe_Folder,Sample_389,14,13,bd9191e1537548880db4277254fab073,PASS
Safe_Folder,Sample_390,19,18,33fcb358a3f969cf9dab41dd01ab2d66,PASS
Safe_Folder,Sample_391,12,11,8b67fae46f6c1ee1a8c130229adc1fdf,PASS
Safe_Folder,Sample_392,15,14,10273347c5e88c2433393b172970e52d,PASS
Safe_Folder,Sample_393,20,19,a03ebe9fa840cadefc02944f3c20bb51,PASS
Safe_Folder,Sample_394,18,17,d7d4797745461ffc8db0427dcd2e6d8e,PASS
Safe_Folder,Sample_395,19,18,346503af03eb7e20db57a47d115cd608,PASS
Safe_Folder,Sample_396,18,17,a532366a0e3908ef2d761e7ae70cfd24,PASS
Safe_Folder,Sample_397,15,14,6316d107663db76a6d60ba7978fdef86,PASS
Safe_Folder,Sample_398,20,19,8f6ab8ab11325197e41b406fa47034fe,PASS
Safe_Folder,Sample_399,18,17,5408075034a4d728a2475c3deef49744,PASS
Safe_Folder,Sample_400,17,16,578a5de460266d9a7f1d07800f7c8052,PASS
Safe_Folder,Sample_401,13,12,fc447aadc4f124522bc1c4abd18aaa80,PASS
Safe_Folder,Sample_402,13,12,0ba0763cda2276c1d16b44f1ad15b488,PASS
Safe_Folder,Sample_403,17,16,3f0df0edda4c373912f79b6c9528bbef,PASS
Safe_Folder,Sample_404,18,17,b45f1db658642ae8da94fd29ad337036,PASS
Safe_Folder,Sample_405,14,13,938d96ec7d6cdb33c988b10d8824e503,PASS
Safe_Folder,Sample_406,14,13,1c18c0e50b4b70a5093f2785c57012c0,PASS
Safe_Folder,Sample_407,14,13,f368d1e64ea07073288775dae01fff76,PASS
Safe_Folder,Sample_408,14,13,cf94a8ee196a0c12da8998b03475a040,PASS
Safe_Folder,Sample_409,20,19,d853725c82e22e2647b7df102890e1ac,PASS
Safe_Folder,Sample_410,15,14,97b8d35a8922e9bc6ffaaece872be780,PASS
Safe_Folder,Sample_411,17,16,c75be69b5228ec5c6de165b50801f9f1,PASS
Safe_Folder,Sample_412,18,17,167cfe6160a6d68c99a37d04b160215e,PASS
Safe_Folder,Sample_413,15,14,3676b36ddb83a934d803448a1f0b75b1,PASS
Safe_Folder,Sample_414,15,14,81104a67e3ef5a2b470f57a93a16763c,PASS
Safe_Folder,Sample_415,14,13,6d3aec876a67a70260b6b3a9164e6d25,PASS
Safe_Folder,Sample_416,15,14,9875b67f99038b4bba60ec14ddcb526c,PASS
Safe_Folder,Sample_417,21,20,c6990f5ed86635ba4cb93b9426620f36,PASS
Safe_Folder,Sample_418,14,13,5bb97901e69864861f36f86872cbd81d,PASS
Safe_Folder,Sample_419,20,19,781119102fb955e437752ff07cba5206,PASS
Safe_Folder,Sample_420,17,16,cdeabffbfe43bc362a9579d63ba7ffe1,PASS
Safe_Folder,Sample_421,16,15,8e06cf930faa74c0ef86367f942e3940,PASS
Safe_Folder,Sample_422,16,15,b19b48cfa9c8f0fb1d6402b8e01672dd,PASS
Safe_Folder,Sample_423,17,16,fb1d2f57d37a068a5a96f1e9247fcd5a,PASS
Safe_Folder,Sample_424,19,18,2e0a4b2005211452e99cf2ea4b62d043,PASS
Safe_Folder,Sample_425,13,12,0eac08fcd32221d7fb0c3dec5f465175,PASS
Safe_Folder,Sample_426,16,15,bce46e5baf65c927203c633a1ee9a551,PASS
Safe_Folder,Sample_427,16,15,7c02cff235806ed5141bc03b7847515e,PASS
Safe_Folder,Sample_428,18,17,f77fa045458d201ef4d148b6f46b7b4d,PASS
Safe_Folder,Sample_429,19,18,cdceb45a64a091ef4edf1ce1486fa745,PASS
Safe_Folder,Sample_430,18,17,ef7e1a6d3af39d822bad53954b7e6e73,PASS
Safe_Folder,Sample_431,18,17,0951563f7d653520d3834916023979d7,PASS
Safe_Folder,Sample_432,13,12,f129c16cbe753740560e2c70c0ccf70b,PASS
Safe_Folder,Sample_433,14,13,f8c7b0d2144ec157fcf3a55d960d669d,PASS
Safe_Folder,Sample_434,19,18,66a041600ae1a0fd3092dbcbbd334027,PASS
Safe_Folder,Sample_435,21,20,5318f0df9fa4c91868341b699aa8654c,PASS
Safe_Folder,Sample_436,19,18,7b71edd4d93831087845bada571f9960,PASS
Safe_Folder,Sample_437,15,14,dd3f04e668ba29ca30f5ac49512dcd7a,PASS
Safe_Folder,Sample_438,16,15,f8bc0bdd59c491035f8dae6e105041ac,PASS
Safe_Folder,Sample_439,18,17,c86b6b5e2c0b6c17b876bb8053e54331,PASS
Safe_Folder,Sample_440,17,16,3f68858eb0d50b0e6751a6c3bfd74aea,PASS
Safe_Folder,Sample_441,16,15,0ce938db7556a3d7018df2e90d8e506f,PASS
Safe_Folder,Sample_442,20,19,d44aef9b9e139b7b7c7d74237e50f7d0,PASS
Safe_Folder,Sample_443,17,16,368ba5ea07337d2141cf1db2e13de91e,PASS
Safe_Folder,Sample_444,18,17,2ae68e9f131d4aba034ccca88ffc650c,PASS
Safe_Folder,Sample_445,19,18,9324cf52c873d4656529f8e4fc242822,PASS
Safe_Folder,Sample_446,20,19,ae28a46660fce59cc3d67979da0de747,PASS
Safe_Folder,Sample_447,15,14,160d8c55dcea3f040fe3598e68829c82,PASS
Safe_Folder,Sample_448,21,20,fa4279c9afde6041118dad3de0e9bad1,PASS
Safe_Folder,Sample_449,13,12,8ea335ac38da503c644ede9bde288f81,PASS
Vuln_Single,Sample_0,17,16,a63b6541d31a589e3b154751dd400947,PASS
Vuln_Single,Sample_1,15,14,87d2a8bb238d60053cfe634201a53aba,PASS
Vuln_Single,Sample_2,17,16,4f027f568535674134606dd1e5ec6336,PASS
Vuln_Single,Sample_3,20,19,eb1f255f0b6dd48670c33fcc783dc9a8,PASS
Vuln_Single,Sample_4,18,17,d42b74439f44d34d88f79a32a12d1cb4,PASS
Vuln_Single,Sample_5,17,16,7e59d9e21a4991a43e01f180b21348d3,PASS
Vuln_Single,Sample_6,17,16,589f31f3641710101bacf820695bc3ff,PASS
Vuln_Single,Sample_7,16,15,c980e92f6db0778cc63b3e6875d6bf75,PASS
Vuln_Single,Sample_8,18,17,1b73049fc9915975bb96290944693daf,PASS
Vuln_Single,Sample_9,14,13,0358c9cd79f3e6c11b192dad07afba70,PASS
Vuln_Single,Sample_10,16,15,f1d871164c91e3f5e484cadeef4beda4,PASS
Vuln_Single,Sample_11,14,13,2b24da2f7b0b00c4ba65c251cd505e3f,PASS
Vuln_Single,Sample_12,13,12,d304e598df2d90aaee0fd9ab31282a24,PASS
Vuln_Single,Sample_13,19,18,bed6be52a1211f0605ae08000ce7197f,PASS
Vuln_Single,Sample_14,18,17,ca84768f16913d589652db1fa04a21b8,PASS
Vuln_Single,Sample_15,19,18,e6eddaf610db85f05fe537b704d0f7db,PASS
Vuln_Single,Sample_16,17,16,f24b1c1babd68aa79c40d99fda9c094e,PASS
Vuln_Single,Sample_17,15,14,62824a3c23d6aa5298c6b98dfc321871,PASS
Vuln_Single,Sample_18,16,15,4b4f8b4fb6c07f52861552dbb0efeb49,PASS
Vuln_Single,Sample_19,13,12,7704674a3512af5188c5c87de39b23bc,PASS
Vuln_Single,Sample_20,15,14,84bde15ae51340910261d1b4e6bd285b,PASS
Vuln_Single,Sample_21,20,19,077440bfa4ca5e49c67834cae93b299e,PASS
Vuln_Single,Sample_22,13,12,515256e1fede657189532da4ab0fd4e2,PASS
Vuln_Single,Sample_23,18,17,300ef1fd425fa971f32dcdffb96ff19e,PASS
Vuln_Single,Sample_24,15,14,0a8387e75c125c2caf50ccc6dfa1b41b,PASS
Vuln_Single,Sample_25,14,13,7faaf6b21029650496b1b3637c874cd8,PASS
Vuln_Single,Sample_26,15,14,dbf17e6c4ca2eca762f7e4b40d551292,PASS
Vuln_Single,Sample_27,14,13,2bdf908e27e6d6a1b2c4d8d02056842c,PASS
Vuln_Single,Sample_28,15,14,f0677fb3f1591c9d06198fcfbb566420,PASS
Vuln_Single,Sample_29,16,15,db9f14690bf5be2e65b6d38231f3037a,PASS
Vuln_Single,Sample_30,20,19,45c791033719906a6cca024f54cd60a9,PASS
Vuln_Single,Sample_31,16,15,2c72e4a7285db86f5d5518f238148c3c,PASS
Vuln_Single,Sample_32,18,17,2ea5c0ee77fa40a8da461313a11fe531,PASS
Vuln_Single,Sample_33,17,16,921f2f02dd71cb97afc3d4a8f95e07be,PASS
Vuln_Single,Sample_34,19,18,88a268aed6b2539a3f9de06493c5102f,PASS
Vuln_Single,Sample_35,15,14,fc32492a8e4ad0d4bd33c76e1cba3967,PASS
Vuln_Single,Sample_36,20,19,bbb527731a3d6b55d8ee21d3837c3614,PASS
Vuln_Single,Sample_37,15,14,37f7dd899279a797f88b3e0b431a2a86,PASS
Vuln_Single,Sample_38,17,16,ec8d085b3094a9e8f86bf2e3e0499b3d,PASS
Vuln_Single,Sample_39,14,13,54ac02d7a64b9334342a5a77b151cdb0,PASS
Vuln_Single,Sample_40,20,19,b3824773b10bf879458cf2c02556c63d,PASS
Vuln_Single,Sample_41,14,13,a73cfe6fe37dd71599f5324f1134715a,PASS
Vuln_Single,Sample_42,20,19,066a2e8cecade8aee288f40537ce2b25,PASS
Vuln_Single,Sample_43,14,13,eaad6080d5e6b78f4d2a460723add909,PASS
Vuln_Single,Sample_44,18,17,08332ccfe4ccbb393e969b51c0f00bc5,PASS
Vuln_Single,Sample_45,16,15,3158e9c85a69242c5e53ad8f5034dee0,PASS
Vuln_Single,Sample_46,15,14,928a4859e74312add63a3070cc74a3e6,PASS
Vuln_Single,Sample_47,16,15,ff7ff1678889247ca5d73fb5a89eb40f,PASS
Vuln_Single,Sample_48,18,17,fddb32b05fa328db35b51a1d951ca224,PASS
Vuln_Single,Sample_49,14,13,cc5f89fe2315805849307b72e48343da,PASS
Vuln_Single,Sample_50,19,18,be2de6034838c16e98b1a6ca9dd2d079,PASS
Vuln_Single,Sample_51,21,20,7409596ba4318ffbb25f1d3d6b8e6efc,PASS
Vuln_Single,Sample_52,14,13,cd1d441e0b80e4db0bf7b87dabfd6e26,PASS
Vuln_Single,Sample_53,18,17,0450b6d04e06bc197f6b031f590536eb,PASS
Vuln_Single,Sample_54,14,13,da4a8527762238690d16e2b04bab6787,PASS
Vuln_Single,Sample_55,16,15,e3c57c3c3bd9178376a7e5a172a6438d,PASS
Vuln_Single,Sample_56,12,11,100a35fd722510a8d450f2be6d7e9e64,PASS
Vuln_Single,Sample_57,16,15,975bcba9ae2ad57c19791abc4fca61dd,PASS
Vuln_Single,Sample_58,13,12,493d75fa5c14c6c16e538ba1ffdaa091,PASS
Vuln_Single,Sample_59,16,15,03d4b8f37a8d3cd740a5b4e601f58287,PASS
Vuln_Single,Sample_60,13,12,57e3509567e830d1c8ca233a3b4bd3ea,PASS
Vuln_Single,Sample_61,15,14,2269cb99fd5ef9cc4ce4907b1a3301b4,PASS
Vuln_Single,Sample_62,13,12,fade9ef45417f1ad65e4cc1c3588e9ee,PASS
Vuln_Single,Sample_63,14,13,414b7ec36a163b1e6a0a89ab1c791de8,PASS
Vuln_Single,Sample_64,15,14,5ab68aa7bb3933e446232917ad5174ef,PASS
Vuln_Single,Sample_65,17,16,b54ecdb605019603bcf9021fe3e624cc,PASS
Vuln_Single,Sample_66,13,12,e5c266b227901a102340c60aa2015f55,PASS
Vuln_Single,Sample_67,15,14,4385d80d4b8a2fd222b05aeb68439978,PASS
Vuln_Single,Sample_68,14,13,51da2c2cbdbee810dd71525f7a091ec9,PASS
Vuln_Single,Sample_69,14,13,453f5c0e52c9c49f00875a4fe397867e,PASS
Vuln_Single,Sample_70,17,16,26778dd94e2ccc5aaa2b84c641d5bac7,PASS
Vuln_Single,Sample_71,13,12,d615530aa20b60a5d25909382eed187b,PASS
Vuln_Single,Sample_72,15,14,933455d247ab1ff2a189c1872cd41b34,PASS
Vuln_Single,Sample_73,20,19,f618f34caab2b2c69e88b3857b75dc78,PASS
Vuln_Single,Sample_74,18,17,512db8bd50275ca7c3f528929d326890,PASS
Vuln_Single,Sample_75,17,16,3b3df1a261d530e0bc9cbcba041d8352,PASS
Vuln_Single,Sample_76,21,20,ba280b95bb1456441cffc14fa7e0395e,PASS
Vuln_Single,Sample_77,19,18,2e539f3f47b87864bd2199ebda058752,PASS
Vuln_Single,Sample_78,13,12,aef9ab81fcee9d956f01e04bcf761348,PASS
Vuln_Single,Sample_79,18,17,88de73af79e5ab11efbea69ad0105b7f,PASS
Vuln_Single,Sample_80,16,15,c6cc2af03bc10261fdb3d90ddfdbcbcc,PASS
Vuln_Single,Sample_81,17,16,f22ab78a458c19b3368cffb05d2042c6,PASS
Vuln_Single,Sample_82,16,15,a2f815663e4bdb377d3f5b23a82ca79e,PASS
Vuln_Single,Sample_83,14,13,a4ecdc1fa56dffc9022c12ea6ba5e4e8,PASS
Vuln_Single,Sample_84,14,13,e195548b8bf160ba798d5bba2592fd40,PASS
Vuln_Single,Sample_85,14,13,3005ac59606aa035cebda8a44f1a315e,PASS
Vuln_Single,Sample_86,15,14,0aede2e35173fec41dd721eb6d5139b1,PASS
Vuln_Single,Sample_87,19,18,ded537176e8ed9e74f6ac66a09b5fcce,PASS
Vuln_Single,Sample_88,21,20,a8851fd5bee3d80a6c4d77d8e8e3b979,PASS
Vuln_Single,Sample_89,13,12,df89035fddc3f5219b01c2f224cb1ffe,PASS
Vuln_Single,Sample_90,19,18,21c1bef360c2c227e9062754b00d7715,PASS
Vuln_Single,Sample_91,19,18,24555aaf60bed6c745863e4201da31e4,PASS
Vuln_Single,Sample_92,14,13,7308b9e02ce947ac551b7062a6b79e78,PASS
Vuln_Single,Sample_93,16,15,d443756e82a142cbc3987da27fcc2a0c,PASS
Vuln_Single,Sample_94,16,15,651f548b2374d6cd4f794ab33e9973a4,PASS
Vuln_Single,Sample_95,17,16,9c97891b8259269f8991d6928c5a7356,PASS
Vuln_Single,Sample_96,13,12,4220285af632a13a08aac0619318e57e,PASS
Vuln_Single,Sample_97,16,15,c3b5500ce1edd9b5c44124492736f023,PASS
Vuln_Single,Sample_98,15,14,4d4fb6890c3b36b9724c34f933be0ae0,PASS
Vuln_Single,Sample_99,16,15,22affeafa2fc7d33377f3182aa04f006,PASS
Vuln_Single,Sample_100,17,16,239b67458d75088462fac95bf5de0ecf,PASS
Vuln_Single,Sample_101,15,14,90937489343cfe4b3c64b03360262561,PASS
Vuln_Single,Sample_102,19,18,565e984f860343dce47a975041c8ad45,PASS
Vuln_Single,Sample_103,18,17,3f63ab0abc851ffe85c390aa0cc4f3d6,PASS
Vuln_Single,Sample_104,16,15,9b0521d722a30f406a29f5212a646fc0,PASS
Vuln_Single,Sample_105,18,17,5f5ffa6dbf1eeaf2b360f8a30ed8a9b7,PASS
Vuln_Single,Sample_106,16,15,144cdb0c1fd864fc6baef9ad875f836d,PASS
Vuln_Single,Sample_107,15,14,8c34ffc7b05878abf0d05c5dbb6db8d3,PASS
Vuln_Single,Sample_108,20,19,b4689a6e1024f93ab47a4b68bbd8b06f,PASS
Vuln_Single,Sample_109,18,17,c68b0b182c0e18ce92fedbbe9bab01c3,PASS
Vuln_Single,Sample_110,17,16,160427ed2b9f286ba475d7895dea1855,PASS
Vuln_Single,Sample_111,20,19,6a574bce62ef03dbe171ea9be298b835,PASS
Vuln_Single,Sample_112,20,19,42978e8f373052c1655a06a288b4c74f,PASS
Vuln_Single,Sample_113,16,15,7254957fb7c799eadce030d24b5a4b78,PASS
Vuln_Single,Sample_114,15,14,1d7a98369b191f1c039aa4e856d71649,PASS
Vuln_Single,Sample_115,16,15,12f1b1c5b6c5edc278b81fbd2f02d58b,PASS
Vuln_Single,Sample_116,15,14,ff10142ef00238340b33b8052fc4b32c,PASS
Vuln_Single,Sample_117,19,18,2e1974b92c5b02d7ce76e2ed823f7303,PASS
Vuln_Single,Sample_118,13,12,944c55e79a34e2a132883eb12dfab665,PASS
Vuln_Single,Sample_119,13,12,138d19eb838826ce86e6574abbde411e,PASS
Vuln_Single,Sample_120,14,13,967b58b22ac5a9903509f79c3dfd0e79,PASS
Vuln_Single,Sample_121,13,12,f88050579f77794ea65114e0f6d32cd0,PASS
Vuln_Single,Sample_122,18,17,fd7d818d4efd6621c5718d740c5af256,PASS
Vuln_Single,Sample_123,20,19,ca6d692c0c5e389df3f227d6ca33f643,PASS
Vuln_Single,Sample_124,14,13,8b52da9af8bd5413a3d64dbc1f642620,PASS
Vuln_Single,Sample_125,16,15,a73430342485e23e304c8e3a59377788,PASS
Vuln_Single,Sample_126,16,15,94fbad1bd19d270ecd6b09a711fc50dd,PASS
Vuln_Single,Sample_127,18,17,7a52914ddce9147b8c96510362651c2b,PASS
Vuln_Single,Sample_128,12,11,eac958a0921e04dfe9d5947f3afcfc67,PASS
Vuln_Single,Sample_129,21,20,c7b3acdf262dd4d9bdeed0779ee3616a,PASS
Vuln_Single,Sample_130,19,18,d44d3f214b95149ee438cb5d3ab965d6,PASS
Vuln_Single,Sample_131,16,15,da320ac7740f933726a0bf44ccb7230f,PASS
Vuln_Single,Sample_132,14,13,06f4a8c080d017bccc5e90ceb91f4459,PASS
Vuln_Single,Sample_133,16,15,eccfa07944ce8362c8d4d421bf8525c5,PASS
Vuln_Single,Sample_134,15,14,2d87d661f2e0d5edf1474d8a298a330f,PASS
Vuln_Single,Sample_135,19,18,20c51f9d5bf59e45be4ae1489c42463d,PASS
Vuln_Single,Sample_136,19,18,87669d54e16a84b2fb5edde21a3373b8,PASS
Vuln_Single,Sample_137,17,16,88969c19c97119ee21b04fffe55cb2e8,PASS
Vuln_Single,Sample_138,20,19,44992befb493b4e2139bf9b47793604d,PASS
Vuln_Single,Sample_139,13,12,8296f33cb3b88bf27bd3be5468aec364,PASS
Vuln_Single,Sample_140,16,15,a7be9e53dc0cccf8f1e372c1b07dd031,PASS
Vuln_Single,Sample_141,19,18,fc652f1076fe1f585179551027f7b0d0,PASS
Vuln_Single,Sample_142,17,16,32889c64874609d5c793d0942ec52a91,PASS
Vuln_Single,Sample_143,14,13,55265b494418145925be3242bc63ddbb,PASS
Vuln_Single,Sample_144,18,17,0587c9a4a408178fb3de0e34f613cc72,PASS
Vuln_Single,Sample_145,19,18,ba5ca54c20c49d180dac813d5295f64d,PASS
Vuln_Single,Sample_146,20,19,a03e6d5f811eb00bf7585bf0c0751664,PASS
Vuln_Single,Sample_147,21,20,147782175b6dc96262d3e5c26d2a813b,PASS
Vuln_Single,Sample_148,14,13,994eeff380e1793c852ad2a1baddc129,PASS
Vuln_Single,Sample_149,14,13,5f0a1eeebd8984d0f2e2b3d60737fda8,PASS
Vuln_Single,Sample_150,14,13,4dbd040608033d1b1b8ae6641e78fab7,PASS
Vuln_Single,Sample_151,12,11,b53d5d357bb8617a4a1a50c5ff049c6c,PASS
Vuln_Single,Sample_152,14,13,9a9988ab598872476036a4b5f5ba69da,PASS
Vuln_Single,Sample_153,21,20,36976ff8b4ec1ab920ab1368f33354f4,PASS
Vuln_Single,Sample_154,15,14,0f669174be7e5cbc6aa94f7a99462161,PASS
Vuln_Single,Sample_155,14,13,fff635797fd67bd2b1479303c6545182,PASS
Vuln_Single,Sample_156,15,14,3e2655cc8acf378cf609071cdc3fa5e6,PASS
Vuln_Single,Sample_157,17,16,07afed856f02ec8ee09c3c4f0018e90c,PASS
Vuln_Single,Sample_158,20,19,30cf2f315223f3684c66a3377d01d26c,PASS
Vuln_Single,Sample_159,18,17,270ed8d4f622df6507f78af50920baeb,PASS
Vuln_Single,Sample_160,17,16,3316d1a8d8a63d632b3089b0df74f34f,PASS
Vuln_Single,Sample_161,14,13,ebff6d4d1bca4ceb4b750baf06e38c86,PASS
Vuln_Single,Sample_162,18,17,04347b46f5bf66ff9e456fe9c4e4e8db,PASS
Vuln_Single,Sample_163,15,14,600fa2cb797fe85699f0438e3064bbfa,PASS
Vuln_Single,Sample_164,12,11,cd06bc2a54d244520d43c995d63a25aa,PASS
Vuln_Single,Sample_165,17,16,9f9b756ef0e6b31064fcc83e4cc61914,PASS
Vuln_Single,Sample_166,16,15,a6b7a98b50f1858692f1ba3c5bb9fed8,PASS
Vuln_Single,Sample_167,19,18,df318334aa2456d012cf19346dfd6d77,PASS
Vuln_Single,Sample_168,16,15,e28b765e6de0e1468d95cf80dd305ec8,PASS
Vuln_Single,Sample_169,19,18,07a556bcc8efd62a19ccdc499114a322,PASS
Vuln_Single,Sample_170,20,19,e640340ee551debb5940046e13071cf9,PASS
Vuln_Single,Sample_171,18,17,1b99bbe8c98535aac3d76b42bdd2f124,PASS
Vuln_Single,Sample_172,18,17,be366b0212d9a81c8218bb15a53dccff,PASS
Vuln_Single,Sample_173,13,12,89ffdd33fb3ebc4db0cf286587711ad3,PASS
Vuln_Single,Sample_174,20,19,939b1ca321c188ad7b194766bc6889dc,PASS
Vuln_Single,Sample_175,18,17,00c51ec637ad2c11833cef4b3da02e5a,PASS
Vuln_Single,Sample_176,19,18,a96832c12123e50c4e68511a96cff1a6,PASS
Vuln_Single,Sample_177,17,16,397590cea66a5c4e9c896a1e68d44d24,PASS
Vuln_Single,Sample_178,17,16,bc0abc615b1d1098c7c45177796881b6,PASS
Vuln_Single,Sample_179,17,16,56b3dd28f85c5b0b703d521681f7f4e7,PASS
Vuln_Single,Sample_180,20,19,4a06e3729a35049e1c27be17410bc15e,PASS
Vuln_Single,Sample_181,19,18,0b1958faeadc4c5ff220586cfd5bfae4,PASS
Vuln_Single,Sample_182,17,16,e83fd553ec56dcabfc3f7a17e4ad0ac2,PASS
Vuln_Single,Sample_183,14,13,91709085d2ce8bf1af20b074282630a6,PASS
Vuln_Single,Sample_184,19,18,80ce8c730804f728550537a1d48c0477,PASS
Vuln_Single,Sample_185,19,18,de90839a455407569a0e2a81a52b30f6,PASS
Vuln_Single,Sample_186,17,16,75be90bf2634f38fe918d68dd4f99ad7,PASS
Vuln_Single,Sample_187,13,12,b5d0b35c16b4eeee3206add1aac631c5,PASS
Vuln_Single,Sample_188,17,16,65a5db85655cc8d36168b6a0e8088f30,PASS
Vuln_Single,Sample_189,21,20,9f5cb14f6a4c48236fe19601068c7c64,PASS
Vuln_Single,Sample_190,14,13,393e8af2dd501c034108842ea25a1e3f,PASS
Vuln_Single,Sample_191,13,12,829f347f0c9a3866cc85cf95036906ea,PASS
Vuln_Single,Sample_192,13,12,0a3c684ed8ac2d2e284b476c82555c52,PASS
Vuln_Single,Sample_193,14,13,34524d21c9973f95e63ccd9748037d2b,PASS
Vuln_Single,Sample_194,14,13,7be70a397a96e7114c51ae5cbfa41f1c,PASS
Vuln_Single,Sample_195,14,13,162a2cfef0701497a83657db974c8ea6,PASS
Vuln_Single,Sample_196,19,18,e9374b7ee862c8f3933edba16e8967a3,PASS
Vuln_Single,Sample_197,13,12,319adefc4a71d4fa777ba0e4f1ab0e7b,PASS
Vuln_Single,Sample_198,14,13,d0ef9a47914a8c234d0e5e082324448c,PASS
Vuln_Single,Sample_199,19,18,78732485387cb8c10cc219ebebdcd888,PASS
Vuln_Single,Sample_200,18,17,372d9f39a6053bc1bd19f29010a853d9,PASS
Vuln_Single,Sample_201,16,15,20db145cf381b9aced5b73b2c2efa4f4,PASS
Vuln_Single,Sample_202,15,14,6c5d85ffac25b59c2b12f8d62067d5d6,PASS
Vuln_Single,Sample_203,17,16,d351d6e8e731b6c42a28aed7062046fd,PASS
Vuln_Single,Sample_204,16,15,5c08c30c313d590ea34d31edd6d0f449,PASS
Vuln_Single,Sample_205,20,19,d1e35b6d3197097c7ca08f96405143df,PASS
Vuln_Single,Sample_206,17,16,31e03caded00aadae4e6e92fddb849db,PASS
Vuln_Single,Sample_207,14,13,ed2331dec3044a0ecba251c4f9a1ec8f,PASS
Vuln_Single,Sample_208,15,14,448f115cf5a91c9a65ed213359dddd4c,PASS
Vuln_Single,Sample_209,18,17,388844774ef8735418d216a630d68613,PASS
Vuln_Single,Sample_210,17,16,64e7e63b37d868908d73e07ca7c006d5,PASS
Vuln_Single,Sample_211,16,15,35472efb9f353a51636b64dbd4a00acd,PASS
Vuln_Single,Sample_212,18,17,2fa1c4af57aa4746a39f8ed65a8e6bf1,PASS
Vuln_Single,Sample_213,17,16,c9678477b2ea6d520b28105c2d4d550a,PASS
Vuln_Single,Sample_214,13,12,67b7b8ae63e0d98bbf4312f2e49f05ca,PASS
Vuln_Single,Sample_215,17,16,2a03a241b4d3575e2fd838aeaa68eb1d,PASS
Vuln_Single,Sample_216,18,17,ddfb481e1f4779e627572657d7026fe4,PASS
Vuln_Single,Sample_217,15,14,be830f5b60a9b65c129c79f991d23a83,PASS
Vuln_Single,Sample_218,19,18,161fd82d77065a62dd12ee317cacb50f,PASS
Vuln_Single,Sample_219,15,14,f4f7bb1f8c56b0ce3c354806b7d66056,PASS
Vuln_Single,Sample_220,20,19,9ce9664510857d8f30cbd6619712ca47,PASS
Vuln_Single,Sample_221,16,15,3d4681f8b53a321f16b515893d8f7c45,PASS
Vuln_Single,Sample_222,16,15,28e454e9a3601dab0305130b606771fa,PASS
Vuln_Single,Sample_223,15,14,3b709d38756ba881a6e29ba5230a04db,PASS
Vuln_Single,Sample_224,19,18,9cf570bad6411c984635eafe6891cdc8,PASS
Vuln_Single,Sample_225,21,20,f48621c0246ce9bb4c3181117eabc728,PASS
Vuln_Single,Sample_226,16,15,04484904afa9f262186dc15124508949,PASS
Vuln_Single,Sample_227,17,16,791273e990f5c895de1c18eb6198c4e2,PASS
Vuln_Single,Sample_228,14,13,d9478a07a1e1b74e1a5af354f5a79b4d,PASS
Vuln_Single,Sample_229,16,15,488f46d2282894a8c4818d905a12f3b5,PASS
Vuln_Single,Sample_230,16,15,b97d284446a48e5f595c239257c5eb23,PASS
Vuln_Single,Sample_231,15,14,c774adfabfc125c53a675f884a6bfd74,PASS
Vuln_Single,Sample_232,17,16,f7b04ebc1932bc5a03140f146c288a4a,PASS
Vuln_Single,Sample_233,13,12,467d715c593dc26bcf96ad57e5863491,PASS
Vuln_Single,Sample_234,13,12,88de66285824f5001ea17fd7ec43267d,PASS
Vuln_Single,Sample_235,16,15,28de9837e3308c85c6aad4b8ce5e7285,PASS
Vuln_Single,Sample_236,13,12,b86f7da6286bb585f3338d14e78193cb,PASS
Vuln_Single,Sample_237,18,17,a033da25e6e7ae1bf219cca890bf8157,PASS
Vuln_Single,Sample_238,13,12,58659f2bc0baf7979e9e0e235275e592,PASS
Vuln_Single,Sample_239,15,14,da7821f6c98ba08ffd447a5678a10216,PASS
Vuln_Single,Sample_240,16,15,c5bee379f2f3c01775f117fcc4c38aa9,PASS
Vuln_Single,Sample_241,17,16,450a68964e61cf77e4a8d844fb2c3983,PASS
Vuln_Single,Sample_242,19,18,111ba7741f2e1eb522d1cb4bd8c63db3,PASS
Vuln_Single,Sample_243,15,14,56111538677c96ec138f56fd7e1f3eee,PASS
Vuln_Single,Sample_244,17,16,82388e7fdc50e74d00a7767939c5a8b2,PASS
Vuln_Single,Sample_245,19,18,e5689f403f76d584e105bb836fca3625,PASS
Vuln_Single,Sample_246,20,19,eb4136da46c5fa8922190061ce06f822,PASS
Vuln_Single,Sample_247,16,15,e8b9ecb2714883e523aafb0c7776ca90,PASS
Vuln_Single,Sample_248,15,14,c0a061b043e8854d49efd1ce784aaa66,PASS
Vuln_Single,Sample_249,17,16,e9b42ac2108d984b944aceda22034303,PASS
Vuln_Single,Sample_250,14,13,8f87e9e04e96e5cb9f3eeafd044738c7,PASS
Vuln_Single,Sample_251,20,19,38a14184c737356b4fb4b0d69cbc1c63,PASS
Vuln_Single,Sample_252,16,15,c94f7335a37fe3cf86b2b2c3dbcecaeb,PASS
Vuln_Single,Sample_253,17,16,65d0b20139695f176b23f3c9c837f895,PASS
Vuln_Single,Sample_254,13,12,b019a6ddca9d118d18995a2dbd37d40e,PASS
Vuln_Single,Sample_255,14,13,285d17475e3b05d618d930364a454720,PASS
Vuln_Single,Sample_256,16,15,4cbc663519af938106bf6e205054470e,PASS
Vuln_Single,Sample_257,19,18,60715ed90717eaddf51a5f26747f3fdf,PASS
Vuln_Single,Sample_258,20,19,b7f20c8902c43ca193b4d2ac35060001,PASS
Vuln_Single,Sample_259,16,15,eea9b77cda71e3d342f76e85cbf2a645,PASS
Vuln_Single,Sample_260,14,13,3b06f582a2c0ce7a9c5b4dc8d59a7dec,PASS
Vuln_Single,Sample_261,14,13,e7e17ca6a253043f1054f51e8ba652c3,PASS
Vuln_Single,Sample_262,15,14,eeb1ac7065acc3b6cd8227c8f8a266ae,PASS
Vuln_Single,Sample_263,17,16,89b94d162fb1eff596c8135964d549e6,PASS
Vuln_Single,Sample_264,14,13,3acdf27e90017ce011d0f649ba8a6c9d,PASS
Vuln_Single,Sample_265,15,14,93c99222d3e7696b2a333a77540bd4da,PASS
Vuln_Single,Sample_266,14,13,3dad1b9d5b6e959eae25ae8d019dbbb6,PASS
Vuln_Single,Sample_267,20,19,749c3030c4b46c2311957e1af9ad8ca1,PASS
Vuln_Single,Sample_268,18,17,cb8a7faf02455daa04180ab2e66d0882,PASS
Vuln_Single,Sample_269,16,15,eaa2d2575884353217ddf3390e2330e6,PASS
Vuln_Single,Sample_270,16,15,4b782ef380b6466e0de33bf2d7422e10,PASS
Vuln_Single,Sample_271,12,11,5249ec27090cc08fbf042ba8193ea842,PASS
Vuln_Single,Sample_272,16,15,c0875e4ec365f4f834f82798af2264a3,PASS
Vuln_Single,Sample_273,17,16,17b5f3df2821d0bd8c6f1b270e140992,PASS
Vuln_Single,Sample_274,13,12,03fd5c895c723d5c351fabbd340ae8ee,PASS
Vuln_Single,Sample_275,19,18,3af79a37e4accf1d2f7e49cbc9445287,PASS
Vuln_Single,Sample_276,17,16,9090ffb109d23c8950ddda5a55b747ca,PASS
Vuln_Single,Sample_277,18,17,cce82773fedf013a7fd38d51f9d64dff,PASS
Vuln_Single,Sample_278,16,15,444cfd90bb62b229571d42c35872dc1c,PASS
Vuln_Single,Sample_279,20,19,57a36726a2a3adbbfb417d44f728aca2,PASS
Vuln_Single,Sample_280,18,17,30d79380f0338a416451e19a85058003,PASS
Vuln_Single,Sample_281,17,16,d3f631726bb94bbe0b8f79aa59c2e07b,PASS
Vuln_Single,Sample_282,14,13,b0b8bc455aecf8c5afd76ee76b2fadca,PASS
Vuln_Single,Sample_283,19,18,bf8c371d8dcaa0ce98f346ec15c5134a,PASS
Vuln_Single,Sample_284,16,15,47cedd5eeb44310de83e6d5a95abec8e,PASS
Vuln_Single,Sample_285,17,16,583d5fa48af085a3412dccd03abb0684,PASS
Vuln_Single,Sample_286,14,13,58703484cdcfdc9b9ba5cb9392e2c47b,PASS
Vuln_Single,Sample_287,18,17,88442347eed4ba78695d41627f4a74ca,PASS
Vuln_Single,Sample_288,16,15,9c63aa9980a0e3d4713cbb97aef5f05b,PASS
Vuln_Single,Sample_289,20,19,7b1a3c0d569926637756471982aff4cc,PASS
Vuln_Single,Sample_290,17,16,1666d5916d9e506c2f6933be1040e777,PASS
Vuln_Single,Sample_291,16,15,c3d4eda60c327b266fe4b032c7afc305,PASS
Vuln_Single,Sample_292,18,17,2c3006d69bd9777ad7fced114ef403bb,PASS
Vuln_Single,Sample_293,15,14,a7eefb4452bd3dd95a44cae31811da0c,PASS
Vuln_Single,Sample_294,20,19,e83afc3ba1651067aadb34b3635462fe,PASS
Vuln_Single,Sample_295,13,12,cb44b6e053fec1bdefbedac6086c53bd,PASS
Vuln_Single,Sample_296,19,18,4163c6789ec7f9fd3db8e5502c4a6403,PASS
Vuln_Single,Sample_297,19,18,97d42f307a6b44314123b926b1ec5182,PASS
Vuln_Single,Sample_298,13,12,9660a0c2ec6c54c69f0782ba1eddf188,PASS
Vuln_Single,Sample_299,19,18,3573b07b85e1f43b9e192bc8ee417fb7,PASS
Vuln_Single,Sample_300,17,16,1271225698ff55d411d85b444646029b,PASS
Vuln_Single,Sample_301,16,15,a3d50be5edca839a8ed034f76cbf3855,PASS
Vuln_Single,Sample_302,17,16,cfac9dfed9e347259df41add59f8dca4,PASS
Vuln_Single,Sample_303,14,13,e2c74b7d2c9812734d6dbb0618108b1d,PASS
Vuln_Single,Sample_304,17,16,09a7b48107712ea7fc34bc5ced2f5580,PASS
Vuln_Single,Sample_305,14,13,5eede248795b589e6e0dae46b00200cd,PASS
Vuln_Single,Sample_306,14,13,8e203d5c73d52018b9b941c8acdd281f,PASS
Vuln_Single,Sample_307,18,17,2136256950151ff5cd3c1c41a2aeead3,PASS
Vuln_Single,Sample_308,19,18,c468c9db0b9318c55ecec1ad69c7f7c7,PASS
Vuln_Single,Sample_309,14,13,9fedfab2ff21c95b4f356e565c6318fc,PASS
Vuln_Single,Sample_310,18,17,081f4daa698f7a70e02ed89fb197334c,PASS
Vuln_Single,Sample_311,15,14,53a37882354f407f73ca1b4ee3e49243,PASS
Vuln_Single,Sample_312,20,19,d0d11ea9303312121c337b86134dc468,PASS
Vuln_Single,Sample_313,19,18,89b1cc8ea6eb8bef441e5dcfdd092846,PASS
Vuln_Single,Sample_314,19,18,f9940d11581bdf2e93a3e36d8bf4f1e1,PASS
Vuln_Single,Sample_315,18,17,af5fc11f4cdf73411a93167f4e0ed4cd,PASS
Vuln_Single,Sample_316,15,14,cab9c9cdad69942dc496daf3aa238018,PASS
Vuln_Single,Sample_317,12,11,f1596caa97fc0983396d9975beb14130,PASS
Vuln_Single,Sample_318,15,14,90edba71b86d758f426ea73dd4b74594,PASS
Vuln_Single,Sample_319,19,18,0d0ef7de26213f1738c91b868f7a390d,PASS
Vuln_Single,Sample_320,13,12,a455205e85a019a21ecdd157a36a5fd2,PASS
Vuln_Single,Sample_321,21,20,1eca3b1d17fb51b02b43a19e4bff965c,PASS
Vuln_Single,Sample_322,14,13,9fb8d7226cf00aa936ef10df0b76e60e,PASS
Vuln_Single,Sample_323,15,14,c5421ccc95562baa50f73328848b548f,PASS
Vuln_Single,Sample_324,19,18,d196463ba313a1ebde5434ea14e54867,PASS
Vuln_Single,Sample_325,13,12,6d54f7257f72adce3db3a28164a5ed4d,PASS
Vuln_Single,Sample_326,19,18,57c2fe6579e9b3bc30b6ba517b23bc46,PASS
Vuln_Single,Sample_327,19,18,2a8d2ae96d61a4d534ce9988d83ffa61,PASS
Vuln_Single,Sample_328,21,20,86b9067eeba2a1a5509869411d6cc1f9,PASS
Vuln_Single,Sample_329,13,12,a495bc2ede249aca0a157c27a6fb91e8,PASS
Vuln_Single,Sample_330,13,12,c8e5807b2b76e05d8a202af08414fbc5,PASS
Vuln_Single,Sample_331,14,13,2d5a092a174e2348a45d911f2c504e83,PASS
Vuln_Single,Sample_332,18,17,2c7b65b8dee5d1be98b2094b04dc21b5,PASS
Vuln_Single,Sample_333,15,14,4e79712a1ecc77bbfb8dc5e9c29691bf,PASS
Vuln_Single,Sample_334,20,19,5361a245af407dcc25c4a2a19664c387,PASS
Vuln_Single,Sample_335,14,13,0fba6e2267862b51f536f72652cfd829,PASS
Vuln_Single,Sample_336,18,17,9428c3c360af922d7b3ff6b0e14ef4a0,PASS
Vuln_Single,Sample_337,18,17,54cc30d729e108abe32b9abcddbcc0d4,PASS
Vuln_Single,Sample_338,14,13,bec67a66feca2d5e727bd44f068eb549,PASS
Vuln_Single,Sample_339,14,13,223d2d93c5ae8fd81d434a3d27d055d8,PASS
Vuln_Single,Sample_340,14,13,04a18342421b34e3a0a654f8cbd2bedd,PASS
Vuln_Single,Sample_341,17,16,7620f38975e7597c8ae89b45cc6b9f2b,PASS
Vuln_Single,Sample_342,14,13,12602cade8a20e4a7379210a72efd81b,PASS
Vuln_Single,Sample_343,12,11,56fab7cdcaffdf9c8b38ff029875deb0,PASS
Vuln_Single,Sample_344,14,13,3ff406084ca7582d5541390e6c26a7ca,PASS
Vuln_Single,Sample_345,14,13,dfa71cd38d81249e0f61d356d1642dc7,PASS
Vuln_Single,Sample_346,16,15,7f3a87c10cb83dc4be53b6ea7d24a0f1,PASS
Vuln_Single,Sample_347,18,17,7c162a6e9bf3db24f19bf48955862d71,PASS
Vuln_Single,Sample_348,14,13,c50a174d1c336ae879493e7955a5093f,PASS
Vuln_Single,Sample_349,18,17,ebe6b45be3b46104cdc1b8efb9d328e8,PASS
Vuln_Single,Sample_350,18,17,3f5fab7e952f571b01e302ee752f9b64,PASS
Vuln_Single,Sample_351,17,16,f1a7be903a496629bae9ca509ec9a403,PASS
Vuln_Single,Sample_352,15,14,f15fd3695a36241e4c07c3689dd7e2a6,PASS
Vuln_Single,Sample_353,18,17,38732921738f023f52b5f466d8a53d60,PASS
Vuln_Single,Sample_354,17,16,118ae40a4eb11acd5fbeeb6ce77d4829,PASS
Vuln_Single,Sample_355,14,13,d1beb939336a47190393585deab291d3,PASS
Vuln_Single,Sample_356,12,11,b58d6f4bf359b9f4a86edfb4021201df,PASS
Vuln_Single,Sample_357,14,13,f496dfaf6de1b4d03f228cc19b3e8bf0,PASS
Vuln_Single,Sample_358,18,17,6d862e118479c434765870b7a96bf202,PASS
Vuln_Single,Sample_359,18,17,8330399ae53a3608279eb705f066cbc5,PASS
Vuln_Single,Sample_360,16,15,fdff3959650f7fff7f9058849eb9ca34,PASS
Vuln_Single,Sample_361,13,12,e7e1bb6e0d34709962b3db207f229dab,PASS
Vuln_Single,Sample_362,17,16,00b08152a3f088b1b34fd3e19a4c448d,PASS
Vuln_Single,Sample_363,18,17,53bc9fe084386059c5702a80e44cada1,PASS
Vuln_Single,Sample_364,19,18,9f73478a9521eb7632c1538a9a013b72,PASS
Vuln_Single,Sample_365,17,16,0da34a5148ee79f488f4d637729c9ea8,PASS
Vuln_Single,Sample_366,17,16,80977f8c0db75c7fd3fd42c25f30d9ad,PASS
Vuln_Single,Sample_367,12,11,4b054a12b3af648b42f59062f4f970c6,PASS
Vuln_Single,Sample_368,12,11,a40235e1f0caca94f39f65b84df9e1ba,PASS
Vuln_Single,Sample_369,18,17,7fff4f0fa34baf1c3a98fdb0d09dc0c2,PASS
Vuln_Single,Sample_370,13,12,29c8a8c6ddb3847b67607518baceb081,PASS
Vuln_Single,Sample_371,16,15,02fe99e48071b856bd1d4656c47ae664,PASS
Vuln_Single,Sample_372,20,19,a8b3c5fff27c8e3caadd10e3aa040fae,PASS
Vuln_Single,Sample_373,19,18,8b40401773272e30e808d662f9d52b6d,PASS
Vuln_Single,Sample_374,15,14,49aa0c1a6107452458c3df8d72539495,PASS
Vuln_Single,Sample_375,21,20,509ec0db1a2d50f35cb0bd2ec13787ca,PASS
Vuln_Single,Sample_376,17,16,c20bf9e9c7199f878b13f93898823bc5,PASS
Vuln_Single,Sample_377,14,13,a7f7f2c25a1e478d6242ab5706d0f8b1,PASS
Vuln_Single,Sample_378,15,14,24741c3ee58c90cfd54a17d22544848b,PASS
Vuln_Single,Sample_379,13,12,9124cc30ae20096e878e8b486e9a9b13,PASS
Vuln_Single,Sample_380,16,15,e8d308c8c269126becb81bd821bb359e,PASS
Vuln_Single,Sample_381,15,14,fef62edb509321eb6b16a351758c0ec2,PASS
Vuln_Single,Sample_382,16,15,4d3bceb9c246dcd6c880350513431bb3,PASS
Vuln_Single,Sample_383,14,13,dcdecf427d0f5d73a0524f6d048d3501,PASS
Vuln_Single,Sample_384,18,17,0d2a97d3a629ba59bb5b277c0c41a4db,PASS
Vuln_Single,Sample_385,16,15,8a849dc1118c7b723ac2cf1a0a4af34d,PASS
Vuln_Single,Sample_386,17,16,bcdf7474d45a971c72f1db684b0b6da3,PASS
Vuln_Single,Sample_387,17,16,9221dbeff292c33a3d3991b5686c3b38,PASS
Vuln_Single,Sample_388,19,18,36b57010cfa7be6de4684b9d818ca515,PASS
Vuln_Single,Sample_389,13,12,472b84b5cff4caf1ff411a8ce768d703,PASS
Vuln_Single,Sample_390,17,16,6e53771aa95d8fbd34669013eac6aa59,PASS
Vuln_Single,Sample_391,12,11,5f06429994c4ec8117a5d4cc752abeb2,PASS
Vuln_Single,Sample_392,12,11,c0d1ead733374be938351802aa63339c,PASS
Vuln_Single,Sample_393,19,18,5993be009da9310ce073fd4e853aaa20,PASS
Vuln_Single,Sample_394,17,16,9d1c319e7bc5193ed1ead16b47f8d2ec,PASS
Vuln_Single,Sample_395,15,14,dd72a12891e5d881aba3e1b0274d5496,PASS
Vuln_Single,Sample_396,13,12,766189243a5af7f5140ac934b46db6b7,PASS
Vuln_Single,Sample_397,16,15,98817b4802b9a522633b6e594938c895,PASS
Vuln_Single,Sample_398,16,15,2496ba3a894ff9ba1638c0f4601a6f57,PASS
Vuln_Single,Sample_399,16,15,0603e6aba049119d2d88221bdf880815,PASS
Vuln_Single,Sample_400,19,18,ad51ebf6bbd6e421331166189b8022f9,PASS
Vuln_Single,Sample_401,17,16,17bebb8d3b9e957ce86b4d8febe7c69b,PASS
Vuln_Single,Sample_402,14,13,ee9c2560c2be7e097b70a074d1b3a9b3,PASS
Vuln_Single,Sample_403,15,14,187ed2d3f7294320d07fb2d33c3f5d9f,PASS
Vuln_Single,Sample_404,12,11,dc423928a197acfeaaff84a19ec75cf7,PASS
Vuln_Single,Sample_405,14,13,31d679688b2846aed8a808cedb6df6d8,PASS
Vuln_Single,Sample_406,17,16,91c7a5aedaf775c32fb719e5e8228b35,PASS
Vuln_Single,Sample_407,15,14,d6a4b697daea6fa99a88cde495cd7e9e,PASS
Vuln_Single,Sample_408,19,18,e69a18555e6f7f71b6f9fbd27ad00baa,PASS
Vuln_Single,Sample_409,18,17,0f41d5e16a0e57b1b591587fc3979c82,PASS
Vuln_Single,Sample_410,13,12,0bc813ca636408d46d4ca42e28c7b357,PASS
Vuln_Single,Sample_411,20,19,056e104d8020d84fe79c80d7ff11b7f4,PASS
Vuln_Single,Sample_412,20,19,f03787f74aa546317a970747a4724afb,PASS
Vuln_Single,Sample_413,12,11,fca2ef49987d7203bd0f4098d320f0b6,PASS
Vuln_Single,Sample_414,14,13,eec3432a7544e940a9e52058b41bd537,PASS
Vuln_Single,Sample_415,16,15,035be97abdc46c66b29ff929d361c16f,PASS
Vuln_Single,Sample_416,19,18,1418add9675838fcd9cce4fa079fc6d4,PASS
Vuln_Single,Sample_417,19,18,9b24b1a478702177caaeec3c2030a626,PASS
Vuln_Single,Sample_418,16,15,bb6ed7da43e4612fa849b8e0bd359660,PASS
Vuln_Single,Sample_419,14,13,4c45d9ba3b3538ea68314b1b9820e5e5,PASS
Vuln_Single,Sample_420,15,14,56b8eea51fb5b035164d387e79a0db1e,PASS
Vuln_Single,Sample_421,19,18,c266b3b809b6303298fbf596ca6a399b,PASS
Vuln_Single,Sample_422,17,16,0ef78d8ac74795527f331c3a195b296e,PASS
Vuln_Single,Sample_423,19,18,2596ebfd880a3eaea77a84053c8ec6f1,PASS
Vuln_Single,Sample_424,15,14,21763613c8c89cf955e1b262158c373d,PASS
Vuln_Single,Sample_425,19,18,3a0fa86805b93cddcffb73555ceb6488,PASS
Vuln_Single,Sample_426,19,18,316dfc92f71a7b2f9d157072cab76c66,PASS
Vuln_Single,Sample_427,13,12,e05c5710d5e187984ddad1d20faa6b72,PASS
Vuln_Single,Sample_428,16,15,9ecbf32880678ad914e24a3d76c0f930,PASS
Vuln_Single,Sample_429,15,14,451bae37de9f7bd838ec7e41ac4fb093,PASS
Vuln_Single,Sample_430,19,18,e6cc7b376996d781e7058727b5ebe29a,PASS
Vuln_Single,Sample_431,14,13,a8707a92bb5a589b9811815adc3be080,PASS
Vuln_Single,Sample_432,15,14,1dd62e89fb8c385ce2ffe88efd981af2,PASS
Vuln_Single,Sample_433,15,14,50ae38d4f7ab88dec2a571e7768f5f7e,PASS
Vuln_Single,Sample_434,13,12,073ec6e4edefe361c653eb41de9ff48f,PASS
Vuln_Single,Sample_435,19,18,c9033ce9199d8d9bde7aa8ef296a2643,PASS
Vuln_Single,Sample_436,21,20,8e7e7d2f5e724a554480e48fa4f76752,PASS
Vuln_Single,Sample_437,18,17,9d5549728eb342ee7570e520d35b1bf0,PASS
Vuln_Single,Sample_438,17,16,ca6abf537a798e85419dabb25f0c01f1,PASS
Vuln_Single,Sample_439,19,18,5edbdd4694d01409e29a762bf0fa1f12,PASS
Vuln_Single,Sample_440,12,11,23386691a52863446a3b5d1a1f074464,PASS
Vuln_Single,Sample_441,17,16,a085e8fe3449688e163d2bc995c8a877,PASS
Vuln_Single,Sample_442,16,15,aa40cf2ff37c68aa680f366504616bf6,PASS
Vuln_Single,Sample_443,15,14,8b2dc95494121c5e25d5ff179ffc6911,PASS
Vuln_Single,Sample_444,13,12,3c7f55aacc989ca95d5b5a98ecc38144,PASS
Vuln_Single,Sample_445,15,14,a28a343b25c076b29df4756bcc4e8086,PASS
Vuln_Single,Sample_446,16,15,5997576cced36cbc23a1ddd36bd0b8dc,PASS
Vuln_Single,Sample_447,17,16,6809ef5a2d8b29ea80a31da26971c08f,PASS
Vuln_Single,Sample_448,16,15,1eb2c4ab1dff81a730013a82d276d793,PASS
Vuln_Single,Sample_449,18,17,80b3b719a94149923e32a9d2dbe558e0,PASS
Vuln_Folder,Sample_0,14,13,414e8291c3a1c85dc5e6a351bb74a608,PASS
Vuln_Folder,Sample_1,14,13,e00d1efe1f730128058ff6c248767070,PASS
Vuln_Folder,Sample_2,18,17,d5fb32673cf7375e49fb62a374866461,PASS
Vuln_Folder,Sample_3,21,20,caf75107a07f7bc937625a94429a4627,PASS
Vuln_Folder,Sample_4,17,16,481a1d7f90dbb0fec78d6759d8e9ff51,PASS
Vuln_Folder,Sample_5,13,12,ab2b79bcf1f4bfc2b2f82ff87337fedf,PASS
Vuln_Folder,Sample_6,16,15,a72968cd41f2f2e8be1db958a77c01d5,PASS
Vuln_Folder,Sample_7,17,16,1d3bb7245625059f7db8a20c2a70a1af,PASS
Vuln_Folder,Sample_8,18,17,578a8c06ea1750f4a39578b61264cbe8,PASS
Vuln_Folder,Sample_9,14,13,2df922a54751643099f7426a6c2a6c38,PASS
Vuln_Folder,Sample_10,19,18,fd6e8792c7c91263d384d8f86515ad73,PASS
Vuln_Folder,Sample_11,20,19,7a1931c11b5bf204459051b0f20acd28,PASS
Vuln_Folder,Sample_12,17,16,8a1a9d050426d477c45c9154510d5cfa,PASS
Vuln_Folder,Sample_13,14,13,cf70b8aa585326ace537cc3338f3b271,PASS
Vuln_Folder,Sample_14,18,17,a7932bccd19a05578b5eb5c07b650d11,PASS
Vuln_Folder,Sample_15,14,13,d299e27810457a0eba8faf6aa0054709,PASS
Vuln_Folder,Sample_16,20,19,1e3bd910bddbd48acf22d6dcf095b990,PASS
Vuln_Folder,Sample_17,13,12,ec758595639831a2455c77fdd646687f,PASS
Vuln_Folder,Sample_18,18,17,7a4861780c4aa13fa7376be361989b5c,PASS
Vuln_Folder,Sample_19,13,12,e993a1850bfec92aa91d0182483d81e1,PASS
Vuln_Folder,Sample_20,15,14,8505d964dd6cabe961c7b42f19ac9527,PASS
Vuln_Folder,Sample_21,17,16,c68752389334b8e98d4cedfa3eddd2e2,PASS
Vuln_Folder,Sample_22,15,14,7747f28eed5d45e92b10f1d4f72b2291,PASS
Vuln_Folder,Sample_23,17,16,9da4991935f75f4b236470722f55e3c7,PASS
Vuln_Folder,Sample_24,18,17,f74a58211ed85d157c75844a676727be,PASS
Vuln_Folder,Sample_25,20,19,de393a909892d44da3a21bf45d869dfc,PASS
Vuln_Folder,Sample_26,15,14,9029f698fb4246b3579a4c282bf48ce0,PASS
Vuln_Folder,Sample_27,17,16,4c03f0f958d3221e8aa381f163ebfc2b,PASS
Vuln_Folder,Sample_28,20,19,822d7ca34cd81bacb0528d0b9ab765f0,PASS
Vuln_Folder,Sample_29,16,15,5acf136db6c08fce204102b80113d8da,PASS
Vuln_Folder,Sample_30,19,18,299f1594684628aea03ce928fdf5c92e,PASS
Vuln_Folder,Sample_31,19,18,74f43b6ec394b84536ffa02091ed9858,PASS
Vuln_Folder,Sample_32,18,17,8ac279ab6cac882000a7d0d6f2a1d455,PASS
Vuln_Folder,Sample_33,15,14,66477f5f74b994370df2c8883fd37d4d,PASS
Vuln_Folder,Sample_34,15,14,f404275203a93b7cb3139ce54fb9e695,PASS
Vuln_Folder,Sample_35,17,16,204483c757527485af82edc27bb3ada2,PASS
Vuln_Folder,Sample_36,19,18,088eec56179431326aaa457df40a1c82,PASS
Vuln_Folder,Sample_37,13,12,5dc641c57bfc08cccf229436061e70a7,PASS
Vuln_Folder,Sample_38,17,16,24c8c15c36cfa2bc78d9f3d51d030b32,PASS
Vuln_Folder,Sample_39,15,14,27b2b030277de67c6bf6741aa390eb54,PASS
Vuln_Folder,Sample_40,19,18,1e0de796f623206038b15698f77885a0,PASS
Vuln_Folder,Sample_41,16,15,2ead0aa9b22b5a9d062ea6a3d2f47ad1,PASS
Vuln_Folder,Sample_42,13,12,6a314c35e28b481e8200da2f463d4ff7,PASS
Vuln_Folder,Sample_43,15,14,9796d61a0e1a162c20de6f9a604353ca,PASS
Vuln_Folder,Sample_44,13,12,304e13b4440801faa0c4afc0c960df51,PASS
Vuln_Folder,Sample_45,16,15,6b5386aaf8c322a0f4aafee192ed837c,PASS
Vuln_Folder,Sample_46,17,16,961da9e266e4573684cf164d4e0fec34,PASS
Vuln_Folder,Sample_47,17,16,0feaaf746d820cbf7ebc58c6d0d77fdb,PASS
Vuln_Folder,Sample_48,15,14,93d4b90b43ded764b0813e0f4232d856,PASS
Vuln_Folder,Sample_49,19,18,d2d87a31c70f3c0b00faeb853291c87e,PASS
Vuln_Folder,Sample_50,18,17,52e9a4caae28ee3a76750a422f17a5f9,PASS
Vuln_Folder,Sample_51,14,13,7752d5094c2bea95bfc803d51275a881,PASS
Vuln_Folder,Sample_52,19,18,a072d11fe50daa7dd7f00bd046e4eb5a,PASS
Vuln_Folder,Sample_53,17,16,0e5a306e2450e2d7d1f95f2dc9203ff1,PASS
Vuln_Folder,Sample_54,19,18,8bf54055a13088a287ca3740c225ff6a,PASS
Vuln_Folder,Sample_55,15,14,d57556e7dc1d0bd9b0c6f1184e895696,PASS
Vuln_Folder,Sample_56,12,11,659a34e3e477f717e1c75ffd7b14d441,PASS
Vuln_Folder,Sample_57,20,19,30ca4008918be8e1fb543414475c3ca7,PASS
Vuln_Folder,Sample_58,13,12,743f876458362f75797e9b8d19473f06,PASS
Vuln_Folder,Sample_59,19,18,8ecb5f33e8238d4bfd0a7f6d670ec99d,PASS
Vuln_Folder,Sample_60,14,13,f95950ef452e06aeca4a21b1d9b135e2,PASS
Vuln_Folder,Sample_61,18,17,269b6611a8099d7567ebde12b869078d,PASS
Vuln_Folder,Sample_62,18,17,b630f180723ca3b835f8b45cf082aef9,PASS
Vuln_Folder,Sample_63,19,18,773979facfd38d07ba8289c83d30c249,PASS
Vuln_Folder,Sample_64,17,16,f54ef6893b7cbfa89a88db6d7efeefa8,PASS
Vuln_Folder,Sample_65,15,14,0815d43faeab4297180962a48cada56e,PASS
Vuln_Folder,Sample_66,18,17,bf26329a1e9fda4c7621b3bb8ec4b62f,PASS
Vuln_Folder,Sample_67,19,18,8a8084a28afc8979ffad33bfe3b2f8ab,PASS
Vuln_Folder,Sample_68,19,18,6e305e52fcb826ee46833a312ffa09f9,PASS
Vuln_Folder,Sample_69,16,15,8d4ab6cd5c510ae8704cc88f2f8029fb,PASS
Vuln_Folder,Sample_70,18,17,96d2c7c332d412d6e70cdf45a9c48cbb,PASS
Vuln_Folder,Sample_71,19,18,af842b36e8cfff1ac96b29fa72ecf401,PASS
Vuln_Folder,Sample_72,13,12,d413cbc8a0255444b530e17538027b04,PASS
Vuln_Folder,Sample_73,14,13,c7f6f12350f48c8145d9bcb0538332d7,PASS
Vuln_Folder,Sample_74,17,16,ea424a34378fa6b4a557846bc23eb4fc,PASS
Vuln_Folder,Sample_75,14,13,46bde665bed94ee3f60d2c5666fa72e1,PASS
Vuln_Folder,Sample_76,20,19,0c1fab02362f17684d82ffe3f2c902c0,PASS
Vuln_Folder,Sample_77,13,12,afc033387eaada0d33ff6d08a442ac20,PASS
Vuln_Folder,Sample_78,14,13,39d6bb0f8514d5719669791cd4f7928b,PASS
Vuln_Folder,Sample_79,19,18,1e3b50ae19a1ed4dd1a3d60fa4da9930,PASS
Vuln_Folder,Sample_80,16,15,06d78a33ca00608fcdb50b2f0775baa3,PASS
Vuln_Folder,Sample_81,16,15,e6674423bb123df84ebeb85935ee905c,PASS
Vuln_Folder,Sample_82,16,15,682e5686af08c1d713e6071a8324eb7e,PASS
Vuln_Folder,Sample_83,15,14,4f3d9986be7b96a2ca2d943bf4f60d13,PASS
Vuln_Folder,Sample_84,18,17,5bdfbbb3791cc789000733ec849ecc6d,PASS
Vuln_Folder,Sample_85,16,15,acec4141a811508c8e7692a6273f19b3,PASS
Vuln_Folder,Sample_86,15,14,0285d6bc769894d3ccf2eae14e1e4221,PASS
Vuln_Folder,Sample_87,14,13,9a8e63725cf8550930c7c23d0357d36a,PASS
Vuln_Folder,Sample_88,15,14,1838007563608b4f1274ba6b8d206105,PASS
Vuln_Folder,Sample_89,15,14,1217beac8a7ef8479e80c527f0e1936c,PASS
Vuln_Folder,Sample_90,18,17,317a7fc3b6d5b7fcef4e87c6e0b3949c,PASS
Vuln_Folder,Sample_91,13,12,1218947b196bc91d86e5d5f97049b971,PASS
Vuln_Folder,Sample_92,13,12,41e8c8eec5d3b72732caea2590c8e7e0,PASS
Vuln_Folder,Sample_93,19,18,54da8ee8f31424814751a8e686eabdac,PASS
Vuln_Folder,Sample_94,16,15,44bb8ab3f0365a0e8d17a498afd23dba,PASS
Vuln_Folder,Sample_95,16,15,044f439d82effd631deaf1d81434b4ba,PASS
Vuln_Folder,Sample_96,15,14,a9d1981f40ba678eb100625d376ae864,PASS
Vuln_Folder,Sample_97,14,13,fb2e4bc092133a5498bbb295856a1d44,PASS
Vuln_Folder,Sample_98,15,14,afb21a08c33b48c1aa9d35695e0933f9,PASS
Vuln_Folder,Sample_99,14,13,23062811ec657198d8137f6150bc1aee,PASS
Vuln_Folder,Sample_100,15,14,94855e438142543299f8964956b0dae7,PASS
Vuln_Folder,Sample_101,19,18,35fd51c44fb07574ff465c079ebae8f1,PASS
Vuln_Folder,Sample_102,20,19,19b2e387643c5770be119afb0a2411da,PASS
Vuln_Folder,Sample_103,19,18,bef830a573ddebf5786982360481f2b7,PASS
Vuln_Folder,Sample_104,12,11,ba40f5a00a2e8d1debfb3ebd084289b8,PASS
Vuln_Folder,Sample_105,21,20,e2ca5d964121835f3dd6d52f496abc58,PASS
Vuln_Folder,Sample_106,16,15,9fb09ffa399c55522f1d21afcb456aef,PASS
Vuln_Folder,Sample_107,13,12,7fd758047a5fe7e89def65580423ef27,PASS
Vuln_Folder,Sample_108,14,13,5f6f8401b3180fe7f10043d0154c1f1a,PASS
Vuln_Folder,Sample_109,15,14,32ba8b95971289be372228c606b9a083,PASS
Vuln_Folder,Sample_110,14,13,17b3a1224c6ef47351b199bdb1dda23b,PASS
Vuln_Folder,Sample_111,19,18,ae9025b585fe610c4c0811e3413c16c7,PASS
Vuln_Folder,Sample_112,19,18,f83d5e645ff8eb1231ed3027a72c9248,PASS
Vuln_Folder,Sample_113,17,16,3321f5b79224f5a74bef0d31063e67fe,PASS
Vuln_Folder,Sample_114,14,13,adfc53ca43820e05ce35c050de75234b,PASS
Vuln_Folder,Sample_115,19,18,178d8a4b8f9f74396287d48b7dab5da8,PASS
Vuln_Folder,Sample_116,14,13,8968a855d5a4d40ffae2c0789c0c90c1,PASS
Vuln_Folder,Sample_117,17,16,7875a864f3bbb6405046a3f56fd99337,PASS
Vuln_Folder,Sample_118,20,19,9e8b1f386e2931f353b844c308d7f7dd,PASS
Vuln_Folder,Sample_119,14,13,edf40eab9c2a7c3647c96f4da2722632,PASS
Vuln_Folder,Sample_120,17,16,d7b4b06cb3d5d02db3c9852e0b26f39f,PASS
Vuln_Folder,Sample_121,13,12,dab91459849d2db76b354fd8bdec23a1,PASS
Vuln_Folder,Sample_122,17,16,a565d611ae339a50134142ca3a433395,PASS
Vuln_Folder,Sample_123,20,19,e3efaf9c8a289f87e1dd58679b70af21,PASS
Vuln_Folder,Sample_124,14,13,1df3c682a1651237ae017ad0943e857a,PASS
Vuln_Folder,Sample_125,13,12,73f005914cc05af543b9538ddbeca8b4,PASS
Vuln_Folder,Sample_126,17,16,5094bd9e1789f30e62bb608a9b34c670,PASS
Vuln_Folder,Sample_127,12,11,c8a2257ec016bd53b9dde68ad880cc92,PASS
Vuln_Folder,Sample_128,12,11,8aa8998109622c8f71c6a19382f050e3,PASS
Vuln_Folder,Sample_129,16,15,c7327de63d6cefa97a74751c02ec4afd,PASS
Vuln_Folder,Sample_130,18,17,11fbc19fd9da9a6d63edb83570e0839b,PASS
Vuln_Folder,Sample_131,15,14,b02cfb10f825f4938711e4618cbddce6,PASS
Vuln_Folder,Sample_132,18,17,5f59f9e188746a61403f679d979ba7af,PASS
Vuln_Folder,Sample_133,14,13,b245666cc56184d6abb7dc5d77c87bd6,PASS
Vuln_Folder,Sample_134,20,19,409a968a9802bd292285a588d8ccf9c8,PASS
Vuln_Folder,Sample_135,18,17,dc1632813921981b2a829fed13154684,PASS
Vuln_Folder,Sample_136,15,14,7be32c230a9c18dd2fc7398d8aa4d8d1,PASS
Vuln_Folder,Sample_137,13,12,713e5c4fa0e9aaf4a5bf06ca5589aee5,PASS
Vuln_Folder,Sample_138,16,15,b4b53fd2c11c6f85b9cf18e7a8d927bf,PASS
Vuln_Folder,Sample_139,16,15,412d93c3b97371ac5b30ec585433d357,PASS
Vuln_Folder,Sample_140,12,11,a4126ef8f033c24441479439473503c3,PASS
Vuln_Folder,Sample_141,20,19,968787c93eb42d711c5d6b4da8f2b698,PASS
Vuln_Folder,Sample_142,14,13,bd7a060a869e525778c14c34cb335390,PASS
Vuln_Folder,Sample_143,19,18,cfd326c0b7a0864256cfa200ce9deab7,PASS
Vuln_Folder,Sample_144,15,14,a878717e06407d27daa0d37be37c5703,PASS
Vuln_Folder,Sample_145,15,14,e426c47dfe1080ffecada7eec1db329f,PASS
Vuln_Folder,Sample_146,13,12,4a48de5259aedcc63c9ffe533c28d94d,PASS
Vuln_Folder,Sample_147,14,13,1bbd2f64bb9807bac06a0c2dfd57e445,PASS
Vuln_Folder,Sample_148,19,18,7aa7f115f3433ceff08f74a32566f6fe,PASS
Vuln_Folder,Sample_149,15,14,f290456fe0d3e99580b4b088e1e44a01,PASS
Vuln_Folder,Sample_150,18,17,7e8355aba3bb7b7ed25ba82b757bb880,PASS
Vuln_Folder,Sample_151,15,14,8effc911aa377f49d4fa21f4f7d324fb,PASS
Vuln_Folder,Sample_152,12,11,6b6045398a097e8e9feeb046af5748f6,PASS
Vuln_Folder,Sample_153,18,17,afb7b10f5a748c0c4149448757877963,PASS
Vuln_Folder,Sample_154,15,14,97c4b4466cb4e79813dd21a5a76b3078,PASS
Vuln_Folder,Sample_155,13,12,ef8020468021b661cf0f253e21b7ecb4,PASS
Vuln_Folder,Sample_156,20,19,e1f24a588c9a59479de4f2cb28e34860,PASS
Vuln_Folder,Sample_157,19,18,ce74cea46d8f27a2fbfa08fc3bbc3946,PASS
Vuln_Folder,Sample_158,14,13,672776d3550c7ed0724ab8484eee55a3,PASS
Vuln_Folder,Sample_159,14,13,be23f521e3a00eb62c13890c7e983ddf,PASS
Vuln_Folder,Sample_160,19,18,52f096f067072d00380599bd8f70a60d,PASS
Vuln_Folder,Sample_161,12,11,2f1ca326ad7a01ba59949994547a0424,PASS
Vuln_Folder,Sample_162,19,18,be0f93cf8b34ff3997ff4865140d9496,PASS
Vuln_Folder,Sample_163,16,15,7e836c9fec7180aa293a8c8aef5002f9,PASS
Vuln_Folder,Sample_164,13,12,31ff22c94085e6d39a033b9b9a8c4ad0,PASS
Vuln_Folder,Sample_165,17,16,1483e4db9a43c855f5ae8e30c31e315f,PASS
Vuln_Folder,Sample_166,14,13,9c9aba6c2c6caeb0feda62172b201d3d,PASS
Vuln_Folder,Sample_167,17,16,679802b737ecdf7d18b46026e535bfce,PASS
Vuln_Folder,Sample_168,18,17,2263672eb9447eb06b27a489f0ec96d9,PASS
Vuln_Folder,Sample_169,18,17,864c1a90d7ccc48f239180c18e13277f,PASS
Vuln_Folder,Sample_170,18,17,672e9937f27695c30fb2151a58ecb49b,PASS
Vuln_Folder,Sample_171,15,14,ff103e8a99ee34e6b2a7504c05a21bda,PASS
Vuln_Folder,Sample_172,15,14,84346c0ce44008b5d324c800158ae805,PASS
Vuln_Folder,Sample_173,17,16,83dabcd0a0ef422649ff4983443e557a,PASS
Vuln_Folder,Sample_174,13,12,00715f8561a9b92a05693094b5da3775,PASS
Vuln_Folder,Sample_175,18,17,975df43cba2d63320345fd4d57b040dd,PASS
Vuln_Folder,Sample_176,19,18,4355b1dc8e7d2df2ba1f98c6b3f145e2,PASS
Vuln_Folder,Sample_177,19,18,0e74a557eda8e49df5295404e0c50d23,PASS
Vuln_Folder,Sample_178,17,16,48e55b42f3f893ecdedd05d79b98b706,PASS
Vuln_Folder,Sample_179,18,17,c7e5f68e594e8eb5286c47027bb68dd9,PASS
Vuln_Folder,Sample_180,13,12,bd16974dc55727beafa1b756c2d230bc,PASS
Vuln_Folder,Sample_181,18,17,fd296a9c9ffbd6895cd8d5058a6b19b0,PASS
Vuln_Folder,Sample_182,16,15,6f9bbb70b8dc6a7d08297d7482f34334,PASS
Vuln_Folder,Sample_183,19,18,3d6bcb7909b697023a9b5fc594b8bf9a,PASS
Vuln_Folder,Sample_184,15,14,b160deaf076d78ded48dfbd125e13c0b,PASS
Vuln_Folder,Sample_185,12,11,85bc3d6278f1cbb3207244744de74dce,PASS
Vuln_Folder,Sample_186,20,19,d62e45308cd1408168442ac10629a569,PASS
Vuln_Folder,Sample_187,14,13,d47dfac90c7092dc19347c86cdf76f37,PASS
Vuln_Folder,Sample_188,13,12,7dd88efb26f1dc73902eff5bbee16eaa,PASS
Vuln_Folder,Sample_189,20,19,761fdd61544930c99babd8e9882c42ef,PASS
Vuln_Folder,Sample_190,14,13,cfc322ab931eebc3a1908599e576fe6a,PASS
Vuln_Folder,Sample_191,14,13,b0381f1108c0a4cf3d31eb004d85e64e,PASS
Vuln_Folder,Sample_192,14,13,6fefba5ff4df6640bb81b9a1ed074b83,PASS
Vuln_Folder,Sample_193,16,15,ccd5c04726d2357c6b89af53cf43f967,PASS
Vuln_Folder,Sample_194,20,19,a562d4ae8b1813e9360fbe6b016204b8,PASS
Vuln_Folder,Sample_195,16,15,dab1a1b01013b4bf27f667a636f08530,PASS
Vuln_Folder,Sample_196,17,16,c40d693824a0b34aac4983758e8054d0,PASS
Vuln_Folder,Sample_197,13,12,fea88b6bfd8e9460b3de605feba5dd3a,PASS
Vuln_Folder,Sample_198,16,15,6a3758c1becf8acae1574ee88de1333e,PASS
Vuln_Folder,Sample_199,16,15,3291aa438e8fbccf0ab512632de8a1a6,PASS
Vuln_Folder,Sample_200,19,18,88457895e5d5127571a9b5c85050eea9,PASS
Vuln_Folder,Sample_201,20,19,d2f19927546f96d2908a1382a0800625,PASS
Vuln_Folder,Sample_202,20,19,f064f656cb2a5dd6d529c556c2d52d25,PASS
Vuln_Folder,Sample_203,17,16,38e2bf95951ca076dba83f7286c7da3d,PASS
Vuln_Folder,Sample_204,13,12,3b75b1f1d5e8dc9c76949655f908b76b,PASS
Vuln_Folder,Sample_205,19,18,a47b0bb02889dad634d92d6976b43db9,PASS
Vuln_Folder,Sample_206,19,18,a8ac95d208a40362f4055cad03a3d947,PASS
Vuln_Folder,Sample_207,16,15,83a12d7008f831b37f01ea050e078aae,PASS
Vuln_Folder,Sample_208,20,19,1201c9e5bf787e7ae734ee6baf933cf1,PASS
Vuln_Folder,Sample_209,18,17,5a4ddb7bfbe9c88bb500546067d5a0d0,PASS
Vuln_Folder,Sample_210,14,13,aa69a5dbdcf8d7806a620649fb1f53a2,PASS
Vuln_Folder,Sample_211,17,16,4dd7d9499eb7e40d5f4922d542e94467,PASS
Vuln_Folder,Sample_212,19,18,feb1379e2ea3600787d132cf06e889dc,PASS
Vuln_Folder,Sample_213,19,18,05f184931742d881e7dc08d0613f098e,PASS
Vuln_Folder,Sample_214,17,16,8df0c9ecf2dde9c7bf8716a0d9efb27e,PASS
Vuln_Folder,Sample_215,14,13,a7753ee55bef6d27b7242a2777406fe4,PASS
Vuln_Folder,Sample_216,14,13,1c4f5ee25905c30f72b06983e5b995ca,PASS
Vuln_Folder,Sample_217,15,14,12420bce84295045471e48e45e006cf8,PASS
Vuln_Folder,Sample_218,16,15,b4d804d724e2546a60572e4a81cb8291,PASS
Vuln_Folder,Sample_219,21,20,20e7bcbc7efa1e32e4923071346622c4,PASS
Vuln_Folder,Sample_220,15,14,ac8b29a88caaf2298e4b0471a231126f,PASS
Vuln_Folder,Sample_221,13,12,2e6279b90f5511b0ceadf8042af80529,PASS
Vuln_Folder,Sample_222,19,18,0c50ec185266755ea77b3b94372bbf8f,PASS
Vuln_Folder,Sample_223,17,16,ca0ed50093f76263c18e75a84e5ea052,PASS
Vuln_Folder,Sample_224,12,11,358bc5ba7c0ee9f6c5ec85ccbc5cd46a,PASS
Vuln_Folder,Sample_225,15,14,7f30aa89648354bfd4178c092a94eaeb,PASS
Vuln_Folder,Sample_226,19,18,d770240ff23c053cdcca5e76f33e721e,PASS
Vuln_Folder,Sample_227,15,14,efbb87990675f3625904c8f1427e638e,PASS
Vuln_Folder,Sample_228,13,12,4405cccb04fa7c23a6347dfe60238032,PASS
Vuln_Folder,Sample_229,20,19,6bf85fb01923d9fa90b2d46437b5406d,PASS
Vuln_Folder,Sample_230,15,14,e71326b12fed10327bab9b2edd4c4ffb,PASS
Vuln_Folder,Sample_231,15,14,5f8ee1f15a7906ad3d236bd6063dad57,PASS
Vuln_Folder,Sample_232,16,15,18d0ea44e160fc56c4d48f4f21a70e2c,PASS
Vuln_Folder,Sample_233,14,13,b3c27454c3978a4a62f39d6d19b55f4b,PASS
Vuln_Folder,Sample_234,16,15,5fff8c0b189a19134096253c4e882890,PASS
Vuln_Folder,Sample_235,17,16,3048c8f00f46822832507a507ef12d86,PASS
Vuln_Folder,Sample_236,14,13,55eabead4e77f52a836bbebc07fda216,PASS
Vuln_Folder,Sample_237,19,18,dac5273087a8ea078e79de6e4c48b756,PASS
Vuln_Folder,Sample_238,19,18,43db523f481d846b5f31dccc74e5f4d5,PASS
Vuln_Folder,Sample_239,17,16,45f87f5aa482fa6d303f08f329259377,PASS
Vuln_Folder,Sample_240,18,17,ecd0e01cdd500a953e68f7205b914b00,PASS
Vuln_Folder,Sample_241,18,17,bdc4c1b39371943dbace05d023d19037,PASS
Vuln_Folder,Sample_242,16,15,03e36431ce1e67037a80980e5e27063c,PASS
Vuln_Folder,Sample_243,21,20,1dfbf60ab8050cff81feb359c54f92f5,PASS
Vuln_Folder,Sample_244,15,14,64c764ce100378d6e60a4148ac861549,PASS
Vuln_Folder,Sample_245,19,18,62a5629abd802020e8df78b3124bf591,PASS
Vuln_Folder,Sample_246,18,17,f1696b2cc1751039e504f5f614f6bbc5,PASS
Vuln_Folder,Sample_247,17,16,cccb8ea74bf8020cfa96f9fcba7db219,PASS
Vuln_Folder,Sample_248,17,16,b50abb4c78ea29095939c4a05e6caa90,PASS
Vuln_Folder,Sample_249,15,14,9982efb4fbbab99a4db6209a08e842bc,PASS
Vuln_Folder,Sample_250,16,15,55afe087ca2b93951ca83ffd75b14b47,PASS
Vuln_Folder,Sample_251,16,15,d12d9c1ff3908a69f51a69665bfec3b3,PASS
Vuln_Folder,Sample_252,17,16,0cab2a22aed634b8e7fc288cd1e0f876,PASS
Vuln_Folder,Sample_253,18,17,1a7b5d692ecf66a26efb9cf14278a976,PASS
Vuln_Folder,Sample_254,15,14,7e162188a65f6e55cff701311f302269,PASS
Vuln_Folder,Sample_255,16,15,e9bf755d40eb16972b6a179cc2ed4ec8,PASS
Vuln_Folder,Sample_256,17,16,ceb14f170020d59c66f444d6c1bf8f74,PASS
Vuln_Folder,Sample_257,14,13,4e71732206317af6cbb3f5d4af9502e9,PASS
Vuln_Folder,Sample_258,14,13,1b03dc6cb8de5d5eb7e4110888025062,PASS
Vuln_Folder,Sample_259,19,18,8fdc5856ba3d1eb0f746f4e80363baf7,PASS
Vuln_Folder,Sample_260,15,14,c0fa867f5dc95cfb2bd31188e829bbfc,PASS
Vuln_Folder,Sample_261,17,16,f7f9109b79f7b878cfbe9591b6209688,PASS
Vuln_Folder,Sample_262,19,18,67789c0ccd9922cb8082b9132c20fce3,PASS
Vuln_Folder,Sample_263,16,15,3c804565993e3ed45fc89534f1e8f947,PASS
Vuln_Folder,Sample_264,14,13,b50a72f092952d8e701fb51d7673e233,PASS
Vuln_Folder,Sample_265,16,15,dc8bfb6fe59c9a96bf693de96c04e3d5,PASS
Vuln_Folder,Sample_266,18,17,29d48d0412bdf31ef7ccfd68e1dc5c3e,PASS
Vuln_Folder,Sample_267,19,18,6531aea337315fbc6a46a20a795b90b4,PASS
Vuln_Folder,Sample_268,15,14,b33ff6a06ff8e5b6a05db72537856a40,PASS
Vuln_Folder,Sample_269,13,12,607553405cfe3748a21c05ef1e832e83,PASS
Vuln_Folder,Sample_270,19,18,4b9c1654726ad7b6aeb9eb699c5c0022,PASS
Vuln_Folder,Sample_271,15,14,14aef70e164e7c517e9abd043423faa4,PASS
Vuln_Folder,Sample_272,19,18,15d58ec2865aae9b309bffcc7b82dec7,PASS
Vuln_Folder,Sample_273,18,17,d509f40cb53f5b7fcc8e5511edae0054,PASS
Vuln_Folder,Sample_274,18,17,da9f75756c6601ae69b3fdd197f637ab,PASS
Vuln_Folder,Sample_275,20,19,353bbfc7ae75e4efea97070790b43ce4,PASS
Vuln_Folder,Sample_276,13,12,658399b72ebe2c9e73e6175e2749ccd0,PASS
Vuln_Folder,Sample_277,13,12,5f8cae4d8f2fbb633627555e50483bce,PASS
Vuln_Folder,Sample_278,19,18,5bae712769ecd650584a210659974f6e,PASS
Vuln_Folder,Sample_279,18,17,b71ab3776189c3e57d3b27b65c9d681d,PASS
Vuln_Folder,Sample_280,20,19,c7b3ee2dba5179bad5122a87667733e1,PASS
Vuln_Folder,Sample_281,16,15,d93e6547e8a63c931b88c3fefe84962f,PASS
Vuln_Folder,Sample_282,14,13,f728dec012fb49b234212f1dea3026b8,PASS
Vuln_Folder,Sample_283,19,18,d0e4dc3b7c1c04c32b56c4d288eb49d5,PASS
Vuln_Folder,Sample_284,14,13,0635e779d04ad6ff09ed5624a9f287d6,PASS
Vuln_Folder,Sample_285,16,15,ef7489b3e6efde86a98a380197a909e1,PASS
Vuln_Folder,Sample_286,18,17,37b6e3ad04a309b9f86184fc34205843,PASS
Vuln_Folder,Sample_287,16,15,f21009e7c8c77f9308e317c0c886e171,PASS
Vuln_Folder,Sample_288,15,14,aad3b7e65143c897c1bd0dac926020f1,PASS
Vuln_Folder,Sample_289,15,14,5da4c285a70871019cd93b78ab1d17ec,PASS
Vuln_Folder,Sample_290,18,17,cf6a1ac68c058a2d4b8320dfee53604e,PASS
Vuln_Folder,Sample_291,14,13,2f285893416209243e3d0327f97f7ddf,PASS
Vuln_Folder,Sample_292,17,16,7b11b22b005bab6e696772e0a6880ecf,PASS
Vuln_Folder,Sample_293,16,15,6cb7187867c2fa2361e895e4883627ac,PASS
Vuln_Folder,Sample_294,14,13,d77248fe63481ad24b495f50256e7c94,PASS
Vuln_Folder,Sample_295,13,12,6b5b4a5d1300c6f352924baa6e2b769a,PASS
Vuln_Folder,Sample_296,19,18,561974d5f98655911612474f253743f0,PASS
Vuln_Folder,Sample_297,18,17,f845e507aa3635045c035de87ebd9ab3,PASS
Vuln_Folder,Sample_298,16,15,9b264c0356d9fd98c8b4c558a60f565f,PASS
Vuln_Folder,Sample_299,15,14,a3cbb88c552b17b6219acd0b768d3e80,PASS
Vuln_Folder,Sample_300,13,12,81bb54b8d3906e4e110952943b6934c0,PASS
Vuln_Folder,Sample_301,17,16,30932cd4b5223addec3872e5be48f247,PASS
Vuln_Folder,Sample_302,15,14,501626f85103b3779f52ba5195bcb397,PASS
Vuln_Folder,Sample_303,15,14,422017456b3e21d1ed8a25fda77863f2,PASS
Vuln_Folder,Sample_304,21,20,0250b72edcb17e50e871d4450868c658,PASS
Vuln_Folder,Sample_305,18,17,e8930a8efde6489e53db6cfdba122f47,PASS
Vuln_Folder,Sample_306,18,17,1ba75bf327f8ae88505b0337428277b8,PASS
Vuln_Folder,Sample_307,15,14,fde4eeb1a9d1bd3c6adbe2b0b2442176,PASS
Vuln_Folder,Sample_308,15,14,385c2d1e9979903fef090d8680dbe00a,PASS
Vuln_Folder,Sample_309,17,16,a4c0eaaf958b8402c1f72faa9e2cc8a9,PASS
Vuln_Folder,Sample_310,14,13,f3949e772ee7298aadfe4cd3c00efbd2,PASS
Vuln_Folder,Sample_311,14,13,e19e76481112dbdbb15602394ed68f48,PASS
Vuln_Folder,Sample_312,19,18,5eebed76f6a979f03cb17b191b652a67,PASS
Vuln_Folder,Sample_313,19,18,e63cc6bc04e01f4be5ca7212c4ddc3ae,PASS
Vuln_Folder,Sample_314,19,18,ad57b6044f5602c85b4aa80b5f7c42ec,PASS
Vuln_Folder,Sample_315,18,17,0773c046e86c111cd38b167828e74061,PASS
Vuln_Folder,Sample_316,21,20,716fd684831842a1ac150562fd92a77f,PASS
Vuln_Folder,Sample_317,19,18,c97f2249e81c5b5c87bf352d1854db51,PASS
Vuln_Folder,Sample_318,13,12,b0575a785342a9c65279962b4918443c,PASS
Vuln_Folder,Sample_319,16,15,525e98501d2fbda89e3de23b14878693,PASS
Vuln_Folder,Sample_320,18,17,e1adffb92df9e5a193cd0648b9363cad,PASS
Vuln_Folder,Sample_321,18,17,fae80dbbc0e6d1fc69896dbc7c75995a,PASS
Vuln_Folder,Sample_322,13,12,5cca9ddb6def2cb69fdfbc13ddb87d9e,PASS
Vuln_Folder,Sample_323,20,19,e7fe2667607a75f32021850cfb26d919,PASS
Vuln_Folder,Sample_324,20,19,d9e83e25bc8eccc145bad775698033c4,PASS
Vuln_Folder,Sample_325,16,15,23101b12171a989a96f01e1a02dd63d1,PASS
Vuln_Folder,Sample_326,16,15,ba8d76a6c4282c04ed2f1ae09c4fed58,PASS
Vuln_Folder,Sample_327,14,13,a9898692954eb4e72f16b79fe673d435,PASS
Vuln_Folder,Sample_328,19,18,5bf413e0045bf31707875ba89ffe327d,PASS
Vuln_Folder,Sample_329,13,12,e1b5bb9b209e66cf41aecfe98a69dcc9,PASS
Vuln_Folder,Sample_330,15,14,f7eb51a38669fe9cbc0b4783158b0307,PASS
Vuln_Folder,Sample_331,16,15,ccce99c2f79436f013dc5616b9af0352,PASS
Vuln_Folder,Sample_332,18,17,3ee42f7d7e1634c8b13fdb3338f4b988,PASS
Vuln_Folder,Sample_333,17,16,c1998bf128038cd7f17a4d8cd157fe21,PASS
Vuln_Folder,Sample_334,14,13,de792098d7e12b09f3b7b7d5138ea193,PASS
Vuln_Folder,Sample_335,18,17,7dff51f681bb925efb198ffe5a779926,PASS
Vuln_Folder,Sample_336,15,14,56059a72354f29684fdcea342ad183ab,PASS
Vuln_Folder,Sample_337,13,12,106aebd256d2147c469638e8f58f0274,PASS
Vuln_Folder,Sample_338,16,15,1f8de4b67e4f61e6d57d3e4985e8abf5,PASS
Vuln_Folder,Sample_339,18,17,75b1fabc64037d31603cdc2a19b492e3,PASS
Vuln_Folder,Sample_340,17,16,5e326bd10bd14943b1fa29c0ec2c2e2e,PASS
Vuln_Folder,Sample_341,15,14,eea394bf2983fa5b3b454b8b096deddc,PASS
Vuln_Folder,Sample_342,18,17,925cc2ae7192a04d2d56fd3cf09e2c92,PASS
Vuln_Folder,Sample_343,18,17,1e84f89e9ceac8a266aeda23fa575f2e,PASS
Vuln_Folder,Sample_344,18,17,32fca62ecf11993c0ba144a8727a22d2,PASS
Vuln_Folder,Sample_345,16,15,415a0533d1011361671b1c301e84d365,PASS
Vuln_Folder,Sample_346,20,19,79f067c349ab7765f16450cf4f0806e1,PASS
Vuln_Folder,Sample_347,17,16,85af1037c5f1805e7ae97fff165ffee4,PASS
Vuln_Folder,Sample_348,17,16,eaee7e17d8c6d1c3a09172a7af4baeb4,PASS
Vuln_Folder,Sample_349,17,16,2f4722fda50cfa233504ea010b759841,PASS
Vuln_Folder,Sample_350,16,15,0e44116c1e32ce1bff95255bb41a05cd,PASS
Vuln_Folder,Sample_351,20,19,2107d28445c28681fdc9897ab90edac8,PASS
Vuln_Folder,Sample_352,16,15,8747adbf147ccdaad83845ce03d91b5a,PASS
Vuln_Folder,Sample_353,16,15,2cabae8bfc11e4a23ea46850f02f41de,PASS
Vuln_Folder,Sample_354,18,17,f1d7b1e19b213ba69ed8d25839b5723b,PASS
Vuln_Folder,Sample_355,15,14,66ff3b5a3c380c3649fbf776161343cf,PASS
Vuln_Folder,Sample_356,16,15,733b15459855838c5d15392e4e5cb462,PASS
Vuln_Folder,Sample_357,19,18,4d4aceead4a1a5dc00504f589c67a0e8,PASS
Vuln_Folder,Sample_358,16,15,22e0c551eddb1649928297673154c656,PASS
Vuln_Folder,Sample_359,13,12,2700e85191b98be66fcd2135a16fb4c6,PASS
Vuln_Folder,Sample_360,19,18,e2d0e4d6222da3620983085857485b1e,PASS
Vuln_Folder,Sample_361,19,18,91cb571b6e30a814a7a43a723e208c2c,PASS
Vuln_Folder,Sample_362,13,12,56767d95a650e5bf1ee03dd832992b3c,PASS
Vuln_Folder,Sample_363,16,15,e1220114704c9dd30c5e4cae8fd9f2a4,PASS
Vuln_Folder,Sample_364,17,16,1661edb876336b0bfadfa3d4cb48969d,PASS
Vuln_Folder,Sample_365,15,14,bccac59bc42fb29af13ae0c2ce84cb20,PASS
Vuln_Folder,Sample_366,13,12,0e70a562afa4e7d73034968c140cc856,PASS
Vuln_Folder,Sample_367,13,12,73e89b55855e86815e8bf6d44daf8e87,PASS
Vuln_Folder,Sample_368,14,13,78df1a7dea994d36cea1be3ab4456d57,PASS
Vuln_Folder,Sample_369,18,17,3cc6e69ba28ca1e24045c9aeab769ace,PASS
Vuln_Folder,Sample_370,14,13,371e138df7df41e1f5cb6479112cdc75,PASS
Vuln_Folder,Sample_371,14,13,45c9c4e3c2067afb8c18d1b56af8afa5,PASS
Vuln_Folder,Sample_372,14,13,0e8223499329411843d091b8b24ecd66,PASS
Vuln_Folder,Sample_373,20,19,da2243054f5c16649ce512112f70e731,PASS
Vuln_Folder,Sample_374,19,18,f69caf38544d4f770460882043db6c4f,PASS
Vuln_Folder,Sample_375,20,19,7833d06c1408a02752c94fcfc964b9b8,PASS
Vuln_Folder,Sample_376,19,18,5285a8e9dfc6780b0a89363c1234d643,PASS
Vuln_Folder,Sample_377,14,13,82f7e91fb20e61d992dc81b7a412af7e,PASS
Vuln_Folder,Sample_378,13,12,129131b54f3bdc648f2ed150dc0962d5,PASS
Vuln_Folder,Sample_379,18,17,57ec37510dc7014b99df62b531803126,PASS
Vuln_Folder,Sample_380,15,14,4e24cc3143c57ce26611fc2a19eff288,PASS
Vuln_Folder,Sample_381,16,15,8bf591dbc5ac523ad3d4b675655d6416,PASS
Vuln_Folder,Sample_382,15,14,40204bae339c5957e67af4c746449e23,PASS
Vuln_Folder,Sample_383,14,13,33bf97a2aaa2534b7ac3c697d6673d31,PASS
Vuln_Folder,Sample_384,18,17,e1b796af73657b41ab004e70937a4253,PASS
Vuln_Folder,Sample_385,20,19,f7c55b632c886d3d8aef0e2a3f47b2d4,PASS
Vuln_Folder,Sample_386,13,12,d230bd6abf9c7dc0a9915bcccabc6731,PASS
Vuln_Folder,Sample_387,21,20,0aea3c87dfe4a482aa8287ea4ecda3d5,PASS
Vuln_Folder,Sample_388,20,19,725bff37f3de7f55e14205de6fd3364a,PASS
Vuln_Folder,Sample_389,16,15,4e621ef7d2703dfd199a6b6e213c2c12,PASS
Vuln_Folder,Sample_390,16,15,76f08111f14656a079b7e5fb1fec4d27,PASS
Vuln_Folder,Sample_391,18,17,8c3faa7c1649dc43a63bdd71e39da8e4,PASS
Vuln_Folder,Sample_392,18,17,baf0f7b40643b6c5ce8275b4566e9a02,PASS
Vuln_Folder,Sample_393,15,14,2f826c051f9e1703c27c7fc04522fbbe,PASS
Vuln_Folder,Sample_394,15,14,ce20a2a01cedddd54efb631de526b710,PASS
Vuln_Folder,Sample_395,13,12,61420d83a3510b087214043818919638,PASS
Vuln_Folder,Sample_396,16,15,186699d1ab88a6f18144cf400d7e2a3d,PASS
Vuln_Folder,Sample_397,19,18,1b792966af954314331b28e896c3f5a6,PASS
Vuln_Folder,Sample_398,16,15,e6269d6b6fed7179d9e94091c7bd83cd,PASS
Vuln_Folder,Sample_399,20,19,15de6a0ae007c1ba6dd76ec81109ba57,PASS
Vuln_Folder,Sample_400,15,14,88bf505efa9a920ee7b2634a53e7dfdd,PASS
Vuln_Folder,Sample_401,18,17,b79dbbf571c8165f524690a1039ae7da,PASS
Vuln_Folder,Sample_402,13,12,467a861269411b758356c2d63385efd5,PASS
Vuln_Folder,Sample_403,18,17,680adbb2bdfc31c63e54300628e9f354,PASS
Vuln_Folder,Sample_404,14,13,05389586b9b4017aab79923a56e6191b,PASS
Vuln_Folder,Sample_405,15,14,7c4d6cbe0704bff6a40e7e16034238b5,PASS
Vuln_Folder,Sample_406,13,12,339d3c2c03b697ff25beb6f08faa5bc3,PASS
Vuln_Folder,Sample_407,14,13,631dd493d0679216978cfd6f35abd004,PASS
Vuln_Folder,Sample_408,20,19,edb4d6693ba12fec1736621012d7d1ef,PASS
Vuln_Folder,Sample_409,13,12,43a87e345c115ff7254424f7a4d2d93d,PASS
Vuln_Folder,Sample_410,15,14,4fbe0f7972067f240db8a16db8a49557,PASS
Vuln_Folder,Sample_411,14,13,f21eef1fe3dab9acb29ba1097d235f8b,PASS
Vuln_Folder,Sample_412,20,19,4d53adf31e5758324d1b45f47b7611c1,PASS
Vuln_Folder,Sample_413,17,16,06954d726224f70055227fb5470b35c9,PASS
Vuln_Folder,Sample_414,14,13,326bf896fa1bf64d84d43a158eeae66f,PASS
Vuln_Folder,Sample_415,13,12,b3db3ed86fc9cd29aa8170a73601f06a,PASS
Vuln_Folder,Sample_416,15,14,7a732264dae4b208d4176682a0e35174,PASS
Vuln_Folder,Sample_417,15,14,ae59b6c2b11de71c432925d8fd867202,PASS
Vuln_Folder,Sample_418,20,19,5af6ec7e7ddd5cf8bcc5fb17b4990d35,PASS
Vuln_Folder,Sample_419,17,16,7c59ac0176eb1d92ca7de0d6c0b65103,PASS
Vuln_Folder,Sample_420,18,17,7bb09b17de35f735700050046587e818,PASS
Vuln_Folder,Sample_421,16,15,418ddf67ee9ec66b037215c6e5a1713c,PASS
Vuln_Folder,Sample_422,13,12,bfff904bc4b53f502c2dce3aedc6bef6,PASS
Vuln_Folder,Sample_423,18,17,32804a7319203e85224bfd6c0d036b84,PASS
Vuln_Folder,Sample_424,16,15,968355e394fc7e44b4f4d0384931f7d4,PASS
Vuln_Folder,Sample_425,14,13,8a0dc7fc0936ea24c4a88e408ba2915c,PASS
Vuln_Folder,Sample_426,17,16,b1dda02d157f0f8ffde3da7c48402c65,PASS
Vuln_Folder,Sample_427,19,18,4bf295b6a802dfdf0f0bf3df701ef95a,PASS
Vuln_Folder,Sample_428,17,16,8a2215305b5c53b37a8e922350fc15d3,PASS
Vuln_Folder,Sample_429,20,19,9eb7980b2d80e52af7c1340f98807246,PASS
Vuln_Folder,Sample_430,20,19,d23e060a9f714d2ca92e697f4edd1c27,PASS
Vuln_Folder,Sample_431,20,19,4e54603f43d779f098fb995b711e2e36,PASS
Vuln_Folder,Sample_432,18,17,eda90123048518acdfbc86958e866fe7,PASS
Vuln_Folder,Sample_433,13,12,645c0277895fa00816fd6c6873c27504,PASS
Vuln_Folder,Sample_434,14,13,6e44f3788acca158a015e517f4be579f,PASS
Vuln_Folder,Sample_435,18,17,153fc7ae4563bf62f5a17299a48fe018,PASS
Vuln_Folder,Sample_436,20,19,72d0c4c41650027d02add6ae08e8a5fc,PASS
Vuln_Folder,Sample_437,18,17,528f9fd2b54aef955183fdbfc538345d,PASS
Vuln_Folder,Sample_438,20,19,b776de39b4e338d507e440126b1e8ba8,PASS
Vuln_Folder,Sample_439,12,11,5bef24c934237b54d164e2d3d311e141,PASS
Vuln_Folder,Sample_440,13,12,baf960c6bb2e298c2406e2b743c95414,PASS
Vuln_Folder,Sample_441,21,20,3ea30c003b3fe0b43792c69268071c8a,PASS
Vuln_Folder,Sample_442,16,15,f62b73a802711cb31036d863e0158d24,PASS
Vuln_Folder,Sample_443,16,15,e682df4d39d5befd0b272d680999e011,PASS
Vuln_Folder,Sample_444,15,14,a570b64b29736bab19f4957c7241102a,PASS
Vuln_Folder,Sample_445,19,18,ceac07b8b5ca80da658ef65a48be608d,PASS
Vuln_Folder,Sample_446,18,17,4ebe97a9c437f053643fdb55ca7a0e01,PASS
Vuln_Folder,Sample_447,15,14,5795513e1d518b8158b6625f843bc731,PASS
Vuln_Folder,Sample_448,19,18,579ebea8ee1f7f87f94ad0253019c940,PASS
Vuln_Folder,Sample_449,15,14,a4f7173b39b35ca79e96f3103c2dea33,PASS
